{"type":"FeatureCollection","features":[{"type":"Feature","properties":{"mode":"bus","n":9,"arr":["58","136","166","182","195","201","375","911","914"],"lines":"58, 136, 166, 182, 195, 201, 375, 911, 914"},"geometry":{"type":"LineString","coordinates":[[14.513563,50.125524],[14.513608,50.125429],[14.513618,50.125295],[14.513581,50.125209],[14.513449,50.12507],[14.513236,50.124984],[14.512986,50.124971],[14.512871,50.124927],[14.51256,50.124614],[14.512152,50.124309],[14.511665,50.12406],[14.511197,50.123896],[14.510953,50.123836],[14.509174,50.123525],[14.508735,50.123423],[14.508077,50.123154],[14.507338,50.122755]]}},{"type":"Feature","properties":{"mode":"bus","n":9,"arr":["58","136","166","182","195","201","375","911","914"],"lines":"58, 136, 166, 182, 195, 201, 375, 911, 914"},"geometry":{"type":"LineString","coordinates":[[14.507227,50.122819],[14.508222,50.123344],[14.508631,50.123515],[14.509015,50.123618],[14.510123,50.123784],[14.510839,50.12392],[14.511387,50.12408],[14.511793,50.124251],[14.512312,50.124582],[14.512584,50.124824],[14.512606,50.124904],[14.512536,50.125364],[14.5126,50.125517],[14.512766,50.125648],[14.51296,50.125706],[14.513134,50.125721]]}},{"type":"Feature","properties":{"mode":"bus","n":9,"arr":["58","110","136","166","201","321","351","377","911"],"lines":"58, 110, 136, 166, 201, 321, 351, 377, 911"},"geometry":{"type":"LineString","coordinates":[[14.505441,50.142447],[14.50543,50.142391],[14.505371,50.142347],[14.505283,50.142332],[14.505199,50.142352],[14.505145,50.142398],[14.505142,50.142455],[14.505187,50.142503],[14.505267,50.142527]]}},{"type":"Feature","properties":{"mode":"bus","n":9,"arr":["58","110","136","166","201","321","351","377","911"],"lines":"58, 110, 136, 166, 201, 321, 351, 377, 911"},"geometry":{"type":"LineString","coordinates":[[14.510996,50.128744],[14.510672,50.128846],[14.510105,50.129119]]}},{"type":"Feature","properties":{"mode":"bus","n":9,"arr":["58","110","136","166","201","321","351","377","911"],"lines":"58, 110, 136, 166, 201, 321, 351, 377, 911"},"geometry":{"type":"LineString","coordinates":[[14.510942,50.128637],[14.510669,50.128737],[14.510441,50.128864],[14.510105,50.129119],[14.509377,50.129607],[14.508747,50.130106],[14.508135,50.130682],[14.507831,50.131027],[14.507117,50.131965],[14.506763,50.132614],[14.505039,50.136591],[14.504932,50.136889],[14.504793,50.137456],[14.50472,50.138364]]}},{"type":"Feature","properties":{"mode":"bus","n":8,"arr":["58","110","136","201","321","351","377","911"],"lines":"58, 110, 136, 201, 321, 351, 377, 911"},"geometry":{"type":"LineString","coordinates":[[14.505441,50.142447],[14.505379,50.14251],[14.505267,50.142527]]}},{"type":"Feature","properties":{"mode":"bus","n":8,"arr":["58","110","136","201","321","351","377","911"],"lines":"58, 110, 136, 201, 321, 351, 377, 911"},"geometry":{"type":"LineString","coordinates":[[14.50472,50.138364],[14.504801,50.139336],[14.50514,50.141945],[14.505252,50.142335]]}},{"type":"Feature","properties":{"mode":"bus","n":9,"arr":["58","110","136","166","202","321","351","377","911"],"lines":"58, 110, 136, 166, 202, 321, 351, 377, 911"},"geometry":{"type":"LineString","coordinates":[[14.512935,50.150593],[14.506407,50.149526],[14.506374,50.149524],[14.506346,50.149531],[14.506323,50.149547],[14.506254,50.149617],[14.506101,50.149639],[14.506005,50.149614],[14.505927,50.149552],[14.505919,50.149457],[14.505995,50.149385],[14.506105,50.149356],[14.506239,50.149372],[14.506324,50.149424],[14.506353,50.149517]]}},{"type":"Feature","properties":{"mode":"bus","n":6,"arr":["58","136","182","195","201","375"],"lines":"58, 136, 182, 195, 201, 375"},"geometry":{"type":"LineString","coordinates":[[14.513134,50.125721],[14.513339,50.12568],[14.513563,50.125524]]}},{"type":"Feature","properties":{"mode":"bus","n":6,"arr":["58","136","182","195","201","375"],"lines":"58, 136, 182, 195, 201, 375"},"geometry":{"type":"LineString","coordinates":[[14.515641,50.125065],[14.514318,50.125091],[14.514099,50.125119],[14.513718,50.125237],[14.513618,50.125295]]}},{"type":"Feature","properties":{"mode":"bus","n":8,"arr":["59","100","191","322","356","414","429","910"],"lines":"59, 100, 191, 322, 356, 414, 429, 910"},"geometry":{"type":"LineString","coordinates":[[14.275479,50.108675],[14.277275,50.107875],[14.277419,50.10784],[14.277573,50.107842],[14.277751,50.107926],[14.279418,50.109494],[14.279591,50.1096],[14.279988,50.109682],[14.281958,50.109944],[14.282312,50.109967],[14.282947,50.109943],[14.283599,50.109812],[14.284168,50.109607],[14.284735,50.109355],[14.285263,50.109055],[14.285582,50.108796],[14.285811,50.108507],[14.289231,50.102435],[14.28956,50.101797],[14.289575,50.101472],[14.289492,50.101248],[14.289426,50.101158],[14.289128,50.100891],[14.287866,50.100263],[14.287749,50.100048],[14.287747,50.099913],[14.287789,50.099807],[14.288047,50.099563],[14.29387,50.09537]]}},{"type":"Feature","properties":{"mode":"bus","n":8,"arr":["59","100","191","322","356","414","429","910"],"lines":"59, 100, 191, 322, 356, 414, 429, 910"},"geometry":{"type":"LineString","coordinates":[[14.274861,50.1088],[14.27498,50.108744],[14.275319,50.108734],[14.27543,50.108693],[14.275444,50.108688],[14.275453,50.108686],[14.275457,50.108686],[14.275457,50.108689],[14.275451,50.108694],[14.275441,50.108701],[14.275354,50.108761],[14.275277,50.108886]]}},{"type":"Feature","properties":{"mode":"bus","n":8,"arr":["59","100","191","322","356","414","429","910"],"lines":"59, 100, 191, 322, 356, 414, 429, 910"},"geometry":{"type":"LineString","coordinates":[[14.293839,50.095259],[14.287866,50.099557],[14.287717,50.099648],[14.287437,50.09971],[14.28735,50.099751],[14.2873,50.099812],[14.287301,50.099891],[14.28736,50.099957],[14.287458,50.099996]]}},{"type":"Feature","properties":{"mode":"bus","n":8,"arr":["59","100","191","322","356","414","429","910"],"lines":"59, 100, 191, 322, 356, 414, 429, 910"},"geometry":{"type":"LineString","coordinates":[[14.27468,50.109123],[14.273929,50.109674],[14.273857,50.109763],[14.273824,50.10986],[14.273853,50.110008],[14.27397,50.110137],[14.274155,50.110227]]}},{"type":"Feature","properties":{"mode":"bus","n":7,"arr":["59","100","191","322","414","429","910"],"lines":"59, 100, 191, 322, 414, 429, 910"},"geometry":{"type":"LineString","coordinates":[[14.275277,50.108886],[14.275251,50.108952],[14.275182,50.109003],[14.27468,50.109123]]}},{"type":"Feature","properties":{"mode":"bus","n":7,"arr":["59","100","191","322","414","429","910"],"lines":"59, 100, 191, 322, 414, 429, 910"},"geometry":{"type":"LineString","coordinates":[[14.29387,50.09537],[14.294729,50.094754],[14.295141,50.094525],[14.295822,50.094091],[14.296203,50.093888],[14.296685,50.093749],[14.297028,50.093695],[14.297434,50.09366],[14.297832,50.093673]]}},{"type":"Feature","properties":{"mode":"bus","n":7,"arr":["59","100","191","322","414","429","910"],"lines":"59, 100, 191, 322, 414, 429, 910"},"geometry":{"type":"LineString","coordinates":[[14.274155,50.110227],[14.274319,50.110245],[14.274561,50.110209],[14.274696,50.110147],[14.274827,50.110012],[14.274848,50.109854],[14.274755,50.109706],[14.274567,50.109602],[14.27441,50.109569]]}},{"type":"Feature","properties":{"mode":"bus","n":7,"arr":["59","100","191","322","414","429","910"],"lines":"59, 100, 191, 322, 414, 429, 910"},"geometry":{"type":"LineString","coordinates":[[14.295173,50.094294],[14.293839,50.095259]]}},{"type":"Feature","properties":{"mode":"bus","n":6,"arr":["101","111","125","138","329","908"],"lines":"101, 111, 125, 138, 329, 908"},"geometry":{"type":"LineString","coordinates":[[14.511771,50.069599],[14.511751,50.069677],[14.511644,50.069739],[14.511525,50.069746],[14.511381,50.069718],[14.511103,50.069759]]}},{"type":"Feature","properties":{"mode":"bus","n":6,"arr":["101","111","125","138","329","908"],"lines":"101, 111, 125, 138, 329, 908"},"geometry":{"type":"LineString","coordinates":[[14.511634,50.069493],[14.51156,50.069486]]}},{"type":"Feature","properties":{"mode":"bus","n":7,"arr":["101","111","125","138","273","329","908"],"lines":"101, 111, 125, 138, 273, 329, 908"},"geometry":{"type":"LineString","coordinates":[[14.508565,50.070462],[14.509132,50.070352],[14.509541,50.070247],[14.511103,50.069759],[14.511309,50.069663],[14.511366,50.069598]]}},{"type":"Feature","properties":{"mode":"bus","n":5,"arr":["101","111","125","329","908"],"lines":"101, 111, 125, 329, 908"},"geometry":{"type":"LineString","coordinates":[[14.51156,50.069486],[14.511427,50.069523],[14.511366,50.069598]]}},{"type":"Feature","properties":{"mode":"bus","n":5,"arr":["101","111","125","329","908"],"lines":"101, 111, 125, 329, 908"},"geometry":{"type":"LineString","coordinates":[[14.53586,50.062212],[14.529005,50.062371],[14.527855,50.062407],[14.527533,50.06246],[14.52738,50.062532],[14.527272,50.062618],[14.52595,50.064407],[14.52566,50.064704],[14.525352,50.064916],[14.525096,50.065047],[14.524292,50.065306],[14.524036,50.065405],[14.5238,50.065534],[14.520897,50.06769],[14.520486,50.067919],[14.520004,50.068091],[14.519334,50.068205],[14.51586,50.068532],[14.514172,50.068835],[14.513567,50.069011],[14.513262,50.06899],[14.513078,50.068933],[14.512889,50.068931],[14.512798,50.068974],[14.51261,50.069131],[14.512187,50.06936],[14.511634,50.069493]]}},{"type":"Feature","properties":{"mode":"bus","n":8,"arr":["103","152","177","183","348","368","903","913"],"lines":"103, 152, 177, 183, 348, 368, 903, 913"},"geometry":{"type":"LineString","coordinates":[[14.480815,50.128723],[14.481305,50.128833]]}},{"type":"Feature","properties":{"mode":"bus","n":6,"arr":["107","147","340","350","909","954"],"lines":"107, 147, 340, 350, 909, 954"},"geometry":{"type":"LineString","coordinates":[[14.398945,50.126655],[14.39895,50.126708],[14.398945,50.126731],[14.398925,50.126751],[14.398872,50.126783]]}},{"type":"Feature","properties":{"mode":"bus","n":6,"arr":["107","147","340","350","909","954"],"lines":"107, 147, 340, 350, 909, 954"},"geometry":{"type":"LineString","coordinates":[[14.393962,50.121904],[14.394437,50.122522],[14.394972,50.123005],[14.396624,50.124042],[14.397013,50.124354],[14.397405,50.124749],[14.398387,50.125934],[14.398513,50.126141],[14.398536,50.126281],[14.398688,50.126583],[14.398688,50.126688]]}},{"type":"Feature","properties":{"mode":"bus","n":10,"arr":["107","108","116","147","160","340","350","355","954","AE"],"lines":"107, 108, 116, 147, 160, 340, 350, 355, 954, AE"},"geometry":{"type":"LineString","coordinates":[[14.39508,50.100931],[14.394915,50.100844],[14.394804,50.100726]]}},{"type":"Feature","properties":{"mode":"bus","n":5,"arr":["111","209","303","329","908"],"lines":"111, 209, 303, 329, 908"},"geometry":{"type":"LineString","coordinates":[[14.642591,50.062489],[14.642675,50.062508],[14.642711,50.062553],[14.642693,50.062602],[14.642631,50.062632],[14.642553,50.062629],[14.642495,50.062595],[14.642486,50.062545],[14.642528,50.062503]]}},{"type":"Feature","properties":{"mode":"bus","n":7,"arr":["113","189","215","333","904","913","960"],"lines":"113, 189, 215, 333, 904, 913, 960"},"geometry":{"type":"LineString","coordinates":[[14.454518,50.016274],[14.454572,50.016256],[14.454649,50.016259],[14.454687,50.016266],[14.454717,50.016282],[14.454781,50.016335],[14.45477,50.016399],[14.454704,50.016447],[14.454559,50.016454]]}},{"type":"Feature","properties":{"mode":"bus","n":6,"arr":["113","197","333","362","913","960"],"lines":"113, 197, 333, 362, 913, 960"},"geometry":{"type":"LineString","coordinates":[[14.46656,50.001006],[14.466929,50.000026],[14.467087,49.999796],[14.467104,49.99978],[14.467126,49.999772],[14.467155,49.99977],[14.467245,49.999776],[14.467352,49.99972],[14.467373,49.999676],[14.467373,49.999635],[14.467292,49.999565],[14.467232,49.999548],[14.467117,49.999556],[14.46704,49.999597],[14.467009,49.999659],[14.467033,49.999723],[14.467107,49.999767]]}},{"type":"Feature","properties":{"mode":"bus","n":8,"arr":["114","154","203","274","335","362","901","956"],"lines":"114, 154, 203, 274, 335, 362, 901, 956"},"geometry":{"type":"LineString","coordinates":[[14.476171,50.011936],[14.476342,50.011948],[14.476457,50.011897],[14.476501,50.011797],[14.47648,50.011749],[14.476397,50.01169],[14.476316,50.01167],[14.476202,50.011678],[14.476092,50.011735],[14.476076,50.011818],[14.476079,50.011852],[14.476104,50.011882],[14.476171,50.011936]]}},{"type":"Feature","properties":{"mode":"bus","n":5,"arr":["114","154","203","274","901"],"lines":"114, 154, 203, 274, 901"},"geometry":{"type":"LineString","coordinates":[[14.492135,50.011362],[14.487614,50.013226],[14.487235,50.013325],[14.486388,50.01343],[14.485427,50.013471],[14.485371,50.013489],[14.485347,50.013501],[14.485335,50.013519],[14.485326,50.013556],[14.485314,50.013575],[14.485289,50.013589],[14.485263,50.013599],[14.485232,50.013605],[14.4852,50.013601],[14.485153,50.013588],[14.48512,50.013572],[14.485105,50.013547],[14.485095,50.013493],[14.485017,50.013446],[14.484872,50.013394],[14.484475,50.013338],[14.484115,50.013341],[14.483172,50.013416],[14.482418,50.01341],[14.481166,50.0133],[14.480014,50.013101],[14.479329,50.0129],[14.477142,50.012059],[14.476493,50.011853]]}},{"type":"Feature","properties":{"mode":"bus","n":8,"arr":["115","126","135","177","197","203","326","911"],"lines":"115, 126, 135, 177, 197, 203, 326, 911"},"geometry":{"type":"LineString","coordinates":[[14.488631,50.033072],[14.488409,50.033115],[14.488186,50.033111]]}},{"type":"Feature","properties":{"mode":"bus","n":8,"arr":["115","126","135","177","197","203","326","911"],"lines":"115, 126, 135, 177, 197, 203, 326, 911"},"geometry":{"type":"LineString","coordinates":[[14.487687,50.032442],[14.487721,50.032406]]}},{"type":"Feature","properties":{"mode":"bus","n":8,"arr":["115","126","135","177","197","203","326","911"],"lines":"115, 126, 135, 177, 197, 203, 326, 911"},"geometry":{"type":"LineString","coordinates":[[14.488454,50.032209],[14.48852,50.032219]]}},{"type":"Feature","properties":{"mode":"bus","n":8,"arr":["116","161","263","312","316","356","907","955"],"lines":"116, 161, 263, 312, 316, 356, 907, 955"},"geometry":{"type":"LineString","coordinates":[[14.353499,50.107418],[14.35366,50.10788],[14.353674,50.108108],[14.353678,50.108119],[14.353687,50.108127],[14.353703,50.108133],[14.353756,50.108143],[14.353803,50.108188],[14.353794,50.108242],[14.353717,50.108283],[14.353646,50.108283],[14.353568,50.108238]]}},{"type":"Feature","properties":{"mode":"bus","n":8,"arr":["116","161","263","312","316","356","907","955"],"lines":"116, 161, 263, 312, 316, 356, 907, 955"},"geometry":{"type":"LineString","coordinates":[[14.364016,50.09949],[14.363261,50.099931],[14.363082,50.10007],[14.361482,50.102162],[14.361189,50.102394],[14.360884,50.102583],[14.360602,50.10271],[14.359024,50.103195],[14.35884,50.103223],[14.35859,50.103218],[14.357537,50.103092],[14.356312,50.102882],[14.355228,50.102666],[14.355009,50.102644],[14.354828,50.10267],[14.354662,50.102733],[14.354542,50.102815],[14.354478,50.102927],[14.354451,50.103066],[14.354471,50.103269],[14.354575,50.103458],[14.354863,50.103712],[14.354963,50.103768],[14.356151,50.104159],[14.356392,50.104294],[14.356523,50.104412],[14.356587,50.104549],[14.356609,50.104705],[14.356578,50.104846],[14.356495,50.104995],[14.356295,50.105137],[14.356073,50.10525],[14.355423,50.105407],[14.35485,50.105486]]}},{"type":"Feature","properties":{"mode":"bus","n":7,"arr":["116","161","312","316","356","907","955"],"lines":"116, 161, 312, 316, 356, 907, 955"},"geometry":{"type":"LineString","coordinates":[[14.353568,50.108238],[14.353585,50.108174],[14.353597,50.108156],[14.35362,50.108144],[14.353675,50.108127]]}},{"type":"Feature","properties":{"mode":"bus","n":6,"arr":["117","139","150","157","190","910"],"lines":"117, 139, 150, 157, 190, 910"},"geometry":{"type":"LineString","coordinates":[[14.417067,50.014334],[14.417135,50.014297],[14.417162,50.014274],[14.417172,50.014246],[14.417174,50.014189]]}},{"type":"Feature","properties":{"mode":"bus","n":6,"arr":["117","139","150","157","190","910"],"lines":"117, 139, 150, 157, 190, 910"},"geometry":{"type":"LineString","coordinates":[[14.416853,50.014217],[14.416908,50.014311]]}},{"type":"Feature","properties":{"mode":"bus","n":6,"arr":["117","139","150","157","190","910"],"lines":"117, 139, 150, 157, 190, 910"},"geometry":{"type":"LineString","coordinates":[[14.417129,50.013813],[14.417227,50.013356],[14.417244,50.012941],[14.417218,50.012727],[14.41699,50.012049],[14.416694,50.011675],[14.415741,50.010731],[14.415426,50.010281]]}},{"type":"Feature","properties":{"mode":"bus","n":5,"arr":["117","139","150","157","910"],"lines":"117, 139, 150, 157, 910"},"geometry":{"type":"LineString","coordinates":[[14.416908,50.014311],[14.416983,50.014336],[14.417067,50.014334]]}},{"type":"Feature","properties":{"mode":"bus","n":5,"arr":["117","139","150","157","910"],"lines":"117, 139, 150, 157, 910"},"geometry":{"type":"LineString","coordinates":[[14.417174,50.014189],[14.417319,50.01424],[14.417484,50.014248],[14.417787,50.014249],[14.418035,50.014221],[14.418722,50.014081],[14.419963,50.01376],[14.420402,50.013679],[14.421059,50.01367],[14.421434,50.013707],[14.422117,50.013853],[14.434117,50.017405]]}},{"type":"Feature","properties":{"mode":"bus","n":5,"arr":["117","139","150","157","910"],"lines":"117, 139, 150, 157, 910"},"geometry":{"type":"LineString","coordinates":[[14.418302,50.014157],[14.417858,50.014191],[14.417442,50.014189],[14.417325,50.014169],[14.417167,50.014076],[14.417127,50.013999],[14.417129,50.013813]]}},{"type":"Feature","properties":{"mode":"bus","n":6,"arr":["117","189","197","215","904","913"],"lines":"117, 189, 197, 215, 904, 913"},"geometry":{"type":"LineString","coordinates":[[14.448828,50.017863],[14.448902,50.01783],[14.448991,50.017824]]}},{"type":"Feature","properties":{"mode":"bus","n":6,"arr":["117","189","197","215","904","913"],"lines":"117, 189, 197, 215, 904, 913"},"geometry":{"type":"LineString","coordinates":[[14.44907,50.018028],[14.448985,50.018048],[14.448924,50.018043],[14.448894,50.018045],[14.448869,50.018056],[14.448736,50.018156]]}},{"type":"Feature","properties":{"mode":"bus","n":5,"arr":["120","130","170","918","X130"],"lines":"120, 130, 170, 918, X130"},"geometry":{"type":"LineString","coordinates":[[14.379814,50.034633],[14.379839,50.034686],[14.379907,50.034724],[14.380055,50.034718]]}},{"type":"Feature","properties":{"mode":"bus","n":6,"arr":["120","130","170","258","918","X130"],"lines":"120, 130, 170, 258, 918, X130"},"geometry":{"type":"LineString","coordinates":[[14.380055,50.034718],[14.38013,50.034652],[14.380119,50.034586],[14.380022,50.034532],[14.379909,50.034536],[14.379833,50.034581],[14.379821,50.034615],[14.379809,50.03463],[14.379787,50.03464],[14.379267,50.034775],[14.379177,50.034824],[14.377351,50.035281],[14.376222,50.035537]]}},{"type":"Feature","properties":{"mode":"bus","n":10,"arr":["125","136","154","177","181","182","213","326","901","906"],"lines":"125, 136, 154, 177, 181, 182, 213, 326, 901, 906"},"geometry":{"type":"LineString","coordinates":[[14.506335,50.031065],[14.506447,50.030886],[14.506665,50.030758]]}},{"type":"Feature","properties":{"mode":"bus","n":10,"arr":["125","136","154","177","181","182","213","326","901","906"],"lines":"125, 136, 154, 177, 181, 182, 213, 326, 901, 906"},"geometry":{"type":"LineString","coordinates":[[14.507452,50.030787],[14.507631,50.030906]]}},{"type":"Feature","properties":{"mode":"bus","n":10,"arr":["125","136","154","177","181","182","213","326","901","906"],"lines":"125, 136, 154, 177, 181, 182, 213, 326, 901, 906"},"geometry":{"type":"LineString","coordinates":[[14.507611,50.03143],[14.507513,50.031498]]}},{"type":"Feature","properties":{"mode":"bus","n":10,"arr":["125","136","154","177","181","182","213","326","901","906"],"lines":"125, 136, 154, 177, 181, 182, 213, 326, 901, 906"},"geometry":{"type":"LineString","coordinates":[[14.506969,50.031617],[14.50663,50.031538]]}},{"type":"Feature","properties":{"mode":"bus","n":6,"arr":["125","126","154","170","203","905"],"lines":"125, 126, 154, 170, 203, 905"},"geometry":{"type":"LineString","coordinates":[[14.522426,50.03243],[14.522513,50.03239],[14.52256,50.032376],[14.522613,50.032376],[14.52272,50.032389]]}},{"type":"Feature","properties":{"mode":"bus","n":6,"arr":["125","126","154","170","203","905"],"lines":"125, 126, 154, 170, 203, 905"},"geometry":{"type":"LineString","coordinates":[[14.52485,50.030055],[14.522748,50.032358],[14.522736,50.032379],[14.522736,50.032399],[14.522749,50.03242],[14.522805,50.032481],[14.522772,50.032571],[14.522708,50.032612],[14.522601,50.032621],[14.522548,50.032618],[14.522503,50.032601],[14.522415,50.03255]]}},{"type":"Feature","properties":{"mode":"bus","n":6,"arr":["125","126","154","170","203","905"],"lines":"125, 126, 154, 170, 203, 905"},"geometry":{"type":"LineString","coordinates":[[14.526925,50.030422],[14.525526,50.030278]]}},{"type":"Feature","properties":{"mode":"bus","n":6,"arr":["125","126","154","170","203","905"],"lines":"125, 126, 154, 170, 203, 905"},"geometry":{"type":"LineString","coordinates":[[14.524669,50.030255],[14.524928,50.03024]]}},{"type":"Feature","properties":{"mode":"bus","n":13,"arr":["125","126","136","154","170","203","213","226","227","240","905","911","959"],"lines":"125, 126, 136, 154, 170, 203, 213, 226, 227, 240, 905, 911, 959"},"geometry":{"type":"LineString","coordinates":[[14.525483,50.029169],[14.525537,50.029255]]}},{"type":"Feature","properties":{"mode":"bus","n":13,"arr":["125","126","136","154","170","203","213","226","227","240","905","911","959"],"lines":"125, 126, 136, 154, 170, 203, 213, 226, 227, 240, 905, 911, 959"},"geometry":{"type":"LineString","coordinates":[[14.52741,50.030277],[14.526889,50.029995],[14.526152,50.029497],[14.525951,50.029339],[14.525784,50.029087],[14.52568,50.029057],[14.525593,50.029066]]}},{"type":"Feature","properties":{"mode":"bus","n":10,"arr":["125","126","154","170","203","226","227","240","905","959"],"lines":"125, 126, 154, 170, 203, 226, 227, 240, 905, 959"},"geometry":{"type":"LineString","coordinates":[[14.525593,50.029066],[14.525514,50.029107],[14.525483,50.029169]]}},{"type":"Feature","properties":{"mode":"bus","n":10,"arr":["125","126","154","170","203","226","227","240","905","959"],"lines":"125, 126, 154, 170, 203, 226, 227, 240, 905, 959"},"geometry":{"type":"LineString","coordinates":[[14.525537,50.029255],[14.52485,50.030055]]}},{"type":"Feature","properties":{"mode":"bus","n":10,"arr":["125","126","154","170","203","226","227","240","905","959"],"lines":"125, 126, 154, 170, 203, 226, 227, 240, 905, 959"},"geometry":{"type":"LineString","coordinates":[[14.52537,50.030264],[14.52503,50.030234]]}},{"type":"Feature","properties":{"mode":"bus","n":7,"arr":["125","154","175","183","204","240","911"],"lines":"125, 154, 175, 183, 204, 240, 911"},"geometry":{"type":"LineString","coordinates":[[14.555503,50.047801],[14.555528,50.047845]]}},{"type":"Feature","properties":{"mode":"bus","n":8,"arr":["125","154","175","183","204","240","252","911"],"lines":"125, 154, 175, 183, 204, 240, 252, 911"},"geometry":{"type":"LineString","coordinates":[[14.555121,50.047906],[14.555217,50.047972],[14.555255,50.047989],[14.555301,50.047995],[14.555394,50.047995],[14.555457,50.047971]]}},{"type":"Feature","properties":{"mode":"bus","n":9,"arr":["125","154","175","183","204","240","252","254","911"],"lines":"125, 154, 175, 183, 204, 240, 252, 254, 911"},"geometry":{"type":"LineString","coordinates":[[14.555121,50.047906],[14.555125,50.047823],[14.555264,50.047739]]}},{"type":"Feature","properties":{"mode":"bus","n":14,"arr":["125","126","136","154","170","175","183","213","226","227","240","905","911","959"],"lines":"125, 126, 136, 154, 170, 175, 183, 213, 226, 227, 240, 905, 911, 959"},"geometry":{"type":"LineString","coordinates":[[14.537719,50.034042],[14.537755,50.033967],[14.537728,50.033909]]}},{"type":"Feature","properties":{"mode":"bus","n":14,"arr":["125","126","136","154","170","175","183","213","226","227","240","905","911","959"],"lines":"125, 126, 136, 154, 170, 175, 183, 213, 226, 227, 240, 905, 911, 959"},"geometry":{"type":"LineString","coordinates":[[14.527646,50.030495],[14.528199,50.030628],[14.532069,50.031077],[14.532561,50.031172],[14.532965,50.031302],[14.533629,50.031613],[14.534901,50.032555],[14.535382,50.03288],[14.535821,50.033132],[14.536459,50.033396],[14.537131,50.033622],[14.537221,50.033672],[14.53732,50.033754],[14.537407,50.033907],[14.537378,50.033973],[14.537396,50.034023],[14.53751,50.034087]]}},{"type":"Feature","properties":{"mode":"bus","n":14,"arr":["125","126","136","154","170","175","183","213","226","227","240","905","911","959"],"lines":"125, 126, 136, 154, 170, 175, 183, 213, 226, 227, 240, 905, 911, 959"},"geometry":{"type":"LineString","coordinates":[[14.537026,50.033468],[14.536224,50.033177],[14.535639,50.032903],[14.533733,50.031552],[14.533318,50.031326],[14.533021,50.031206],[14.532481,50.031041],[14.53208,50.030964],[14.529503,50.030686]]}},{"type":"Feature","properties":{"mode":"bus","n":10,"arr":["125","126","154","175","183","226","227","240","911","959"],"lines":"125, 126, 154, 175, 183, 226, 227, 240, 911, 959"},"geometry":{"type":"LineString","coordinates":[[14.53751,50.034087],[14.537614,50.034088],[14.537719,50.034042]]}},{"type":"Feature","properties":{"mode":"bus","n":10,"arr":["125","126","154","175","183","226","227","240","911","959"],"lines":"125, 126, 154, 175, 183, 226, 227, 240, 911, 959"},"geometry":{"type":"LineString","coordinates":[[14.53828,50.033751],[14.538149,50.033737],[14.537906,50.033791],[14.537735,50.033787],[14.537294,50.033548],[14.537026,50.033468]]}},{"type":"Feature","properties":{"mode":"bus","n":10,"arr":["125","126","154","175","183","226","227","240","911","959"],"lines":"125, 126, 154, 175, 183, 226, 227, 240, 911, 959"},"geometry":{"type":"LineString","coordinates":[[14.537728,50.033909],[14.539239,50.033506],[14.54015,50.033363],[14.540918,50.033319],[14.543216,50.033382],[14.543678,50.033352],[14.544283,50.033272],[14.544774,50.033166],[14.545717,50.032843],[14.547885,50.031878],[14.548453,50.031664],[14.548882,50.031531],[14.54976,50.031352],[14.550146,50.031303],[14.551161,50.031254]]}},{"type":"Feature","properties":{"mode":"bus","n":7,"arr":["125","136","154","213","326","901","906"],"lines":"125, 136, 154, 213, 326, 901, 906"},"geometry":{"type":"LineString","coordinates":[[14.507513,50.031498],[14.507273,50.031592],[14.506969,50.031617]]}},{"type":"Feature","properties":{"mode":"bus","n":5,"arr":["126","177","197","203","911"],"lines":"126, 177, 197, 203, 911"},"geometry":{"type":"LineString","coordinates":[[14.500648,50.020318],[14.500556,50.020366],[14.500448,50.020371],[14.500377,50.020351],[14.500306,50.020283],[14.500301,50.020241],[14.500356,50.020168],[14.50047,50.020133],[14.500586,50.02015]]}},{"type":"Feature","properties":{"mode":"bus","n":7,"arr":["126","135","177","197","203","326","911"],"lines":"126, 135, 177, 197, 203, 326, 911"},"geometry":{"type":"LineString","coordinates":[[14.489024,50.032583],[14.489027,50.032605]]}},{"type":"Feature","properties":{"mode":"bus","n":7,"arr":["129","241","246","247","318","390","907"],"lines":"129, 241, 246, 247, 318, 390, 907"},"geometry":{"type":"LineString","coordinates":[[14.394296,49.983779],[14.394663,49.983668],[14.394785,49.983592],[14.394887,49.983464],[14.394924,49.983222],[14.394821,49.982575],[14.394762,49.982416],[14.394617,49.98224],[14.394493,49.982202],[14.394305,49.982202],[14.394141,49.982174],[14.393953,49.98206],[14.393899,49.981949],[14.393914,49.981746],[14.393834,49.981553],[14.393852,49.981387]]}},{"type":"Feature","properties":{"mode":"bus","n":7,"arr":["129","241","246","247","318","390","907"],"lines":"129, 241, 246, 247, 318, 390, 907"},"geometry":{"type":"LineString","coordinates":[[14.397875,49.987756],[14.397285,49.987181],[14.39699,49.986933],[14.396662,49.986691],[14.396333,49.9865],[14.395886,49.986368],[14.395648,49.98634],[14.394587,49.986358],[14.394191,49.986327],[14.393882,49.986258],[14.393467,49.986094]]}},{"type":"Feature","properties":{"mode":"bus","n":8,"arr":["129","241","246","247","261","318","390","907"],"lines":"129, 241, 246, 247, 261, 318, 390, 907"},"geometry":{"type":"LineString","coordinates":[[14.393411,49.97606],[14.393872,49.976637],[14.393956,49.977167],[14.39413,49.977915],[14.394124,49.978377],[14.39404,49.978763],[14.393867,49.979308],[14.393569,49.979992],[14.393531,49.980159],[14.393792,49.980901],[14.393852,49.981387],[14.393932,49.981583],[14.394004,49.981649],[14.394104,49.981669],[14.39433,49.981651],[14.394467,49.981666],[14.394594,49.981711],[14.394707,49.981801],[14.394754,49.98194],[14.394697,49.982166],[14.394859,49.982479],[14.395001,49.983357],[14.395101,49.983625],[14.395204,49.983755],[14.395357,49.983872],[14.396018,49.984223]]}},{"type":"Feature","properties":{"mode":"bus","n":5,"arr":["133","146","155","908","909"],"lines":"133, 146, 155, 908, 909"},"geometry":{"type":"LineString","coordinates":[[14.48213,50.084938],[14.482032,50.084951],[14.481922,50.084923],[14.48185,50.084881],[14.481791,50.084801],[14.481753,50.084694],[14.481768,50.084593],[14.481803,50.084527],[14.481882,50.084478]]}},{"type":"Feature","properties":{"mode":"bus","n":5,"arr":["133","146","155","908","909"],"lines":"133, 146, 155, 908, 909"},"geometry":{"type":"LineString","coordinates":[[14.487395,50.081096],[14.487319,50.081463],[14.487309,50.081484],[14.487288,50.081497],[14.487256,50.081502],[14.483348,50.08174],[14.483002,50.081844],[14.482878,50.081911],[14.482712,50.082051],[14.482586,50.082246],[14.482089,50.083353],[14.481824,50.084282],[14.481827,50.084394],[14.481868,50.084456],[14.48188,50.084468],[14.481897,50.084474],[14.481918,50.084474],[14.481986,50.084467],[14.482075,50.084495],[14.482165,50.084559],[14.482236,50.084657],[14.482249,50.084809],[14.4822,50.084892],[14.482155,50.084922],[14.482142,50.084933],[14.482137,50.084946],[14.482141,50.084959],[14.482348,50.085376],[14.481735,50.087164]]}},{"type":"Feature","properties":{"mode":"bus","n":5,"arr":["135","177","197","203","911"],"lines":"135, 177, 197, 203, 911"},"geometry":{"type":"LineString","coordinates":[[14.489027,50.032605],[14.489026,50.032722],[14.488953,50.03287],[14.488804,50.032996],[14.488631,50.033072]]}},{"type":"Feature","properties":{"mode":"bus","n":8,"arr":["136","177","181","182","213","326","901","906"],"lines":"136, 177, 181, 182, 213, 326, 901, 906"},"geometry":{"type":"LineString","coordinates":[[14.507631,50.030906],[14.50771,50.031006],[14.507752,50.031167],[14.507708,50.031313],[14.507611,50.03143]]}},{"type":"Feature","properties":{"mode":"bus","n":5,"arr":["139","150","157","190","910"],"lines":"139, 150, 157, 190, 910"},"geometry":{"type":"LineString","coordinates":[[14.417132,50.013111],[14.417082,50.013526],[14.416935,50.014137],[14.416853,50.014217]]}},{"type":"Feature","properties":{"mode":"bus","n":5,"arr":["139","150","157","190","910"],"lines":"139, 150, 157, 190, 910"},"geometry":{"type":"LineString","coordinates":[[14.415426,50.010281],[14.415351,50.010175],[14.415219,50.009654],[14.415208,50.009277],[14.415204,50.009267],[14.415195,50.009261],[14.415181,50.009259],[14.415158,50.009258],[14.415147,50.009257],[14.41514,50.009253],[14.415136,50.009248],[14.415137,50.00924],[14.41563,50.007617]]}},{"type":"Feature","properties":{"mode":"bus","n":5,"arr":["154","183","204","240","252"],"lines":"154, 183, 204, 240, 252"},"geometry":{"type":"LineString","coordinates":[[14.563361,50.048864],[14.563445,50.048856],[14.563484,50.048847],[14.563512,50.048826],[14.563534,50.048802],[14.563545,50.048779],[14.563539,50.048754],[14.563527,50.048733],[14.563506,50.048712],[14.563473,50.048699],[14.563388,50.04868]]}},{"type":"Feature","properties":{"mode":"bus","n":5,"arr":["154","183","204","240","252"],"lines":"154, 183, 204, 240, 252"},"geometry":{"type":"LineString","coordinates":[[14.555457,50.047971],[14.555652,50.047982],[14.556925,50.048329],[14.557402,50.048391],[14.55987,50.049033],[14.560549,50.049175],[14.561138,50.049245],[14.561631,50.049246],[14.562186,50.049189],[14.562776,50.049068]]}},{"type":"Feature","properties":{"mode":"bus","n":8,"arr":["154","326","327","328","331","357","397","901"],"lines":"154, 326, 327, 328, 331, 357, 397, 901"},"geometry":{"type":"LineString","coordinates":[[14.508631,50.021489],[14.508672,50.021063],[14.508611,50.020825],[14.508679,50.020755]]}},{"type":"Feature","properties":{"mode":"bus","n":8,"arr":["154","326","327","328","331","357","397","901"],"lines":"154, 326, 327, 328, 331, 357, 397, 901"},"geometry":{"type":"LineString","coordinates":[[14.508951,50.020781],[14.508898,50.020696]]}},{"type":"Feature","properties":{"mode":"bus","n":10,"arr":["154","177","326","327","328","331","357","397","901","911"],"lines":"154, 177, 326, 327, 328, 331, 357, 397, 901, 911"},"geometry":{"type":"LineString","coordinates":[[14.508679,50.020755],[14.508691,50.02075]]}},{"type":"Feature","properties":{"mode":"bus","n":10,"arr":["154","177","326","327","328","331","357","397","901","911"],"lines":"154, 177, 326, 327, 328, 331, 357, 397, 901, 911"},"geometry":{"type":"LineString","coordinates":[[14.508951,50.020781],[14.508977,50.020815]]}},{"type":"Feature","properties":{"mode":"bus","n":10,"arr":["154","177","326","327","328","331","357","397","901","911"],"lines":"154, 177, 326, 327, 328, 331, 357, 397, 901, 911"},"geometry":{"type":"LineString","coordinates":[[14.508739,50.023892],[14.508631,50.021489]]}},{"type":"Feature","properties":{"mode":"bus","n":6,"arr":["154","326","327","331","357","901"],"lines":"154, 326, 327, 331, 357, 901"},"geometry":{"type":"LineString","coordinates":[[14.508898,50.020696],[14.508914,50.020583],[14.509113,50.020159],[14.51027,50.018811],[14.510576,50.018407],[14.511987,50.015473],[14.51235,50.014876],[14.512839,50.014281],[14.513329,50.013593],[14.513685,50.013304],[14.514396,50.012834],[14.514443,50.012775],[14.51445,50.012722],[14.514404,50.012631],[14.514012,50.012278],[14.513961,50.012188],[14.513957,50.012052],[14.514674,50.0107],[14.515378,50.008885],[14.515906,50.008159],[14.516681,50.006811],[14.516868,50.006359],[14.516959,50.005885],[14.517,50.005219],[14.51669,50.003461],[14.516542,50.003171],[14.516297,50.002932],[14.516152,50.002835],[14.516137,50.002818],[14.516137,50.002798],[14.516153,50.002759],[14.516095,50.002676],[14.515988,50.002646],[14.515898,50.002666],[14.515857,50.002682],[14.51583,50.002707],[14.515792,50.002764],[14.515823,50.002827],[14.515903,50.002869],[14.516006,50.002876],[14.516129,50.002819]]}},{"type":"Feature","properties":{"mode":"bus","n":6,"arr":["154","326","327","331","357","901"],"lines":"154, 326, 327, 331, 357, 901"},"geometry":{"type":"LineString","coordinates":[[14.508691,50.02075],[14.508919,50.020367],[14.509113,50.020159]]}},{"type":"Feature","properties":{"mode":"bus","n":8,"arr":["154","177","326","327","331","357","901","911"],"lines":"154, 177, 326, 327, 331, 357, 901, 911"},"geometry":{"type":"LineString","coordinates":[[14.508977,50.020815],[14.508973,50.02089],[14.508795,50.021081],[14.508778,50.021237],[14.508888,50.023051]]}},{"type":"Feature","properties":{"mode":"bus","n":9,"arr":["159","186","375","376","378","396","671","914","953"],"lines":"159, 186, 375, 376, 378, 396, 671, 914, 953"},"geometry":{"type":"LineString","coordinates":[[14.57967,50.144108],[14.579635,50.14413],[14.579621,50.144143],[14.579618,50.144159],[14.579623,50.144212]]}},{"type":"Feature","properties":{"mode":"bus","n":9,"arr":["159","186","375","376","378","396","671","914","953"],"lines":"159, 186, 375, 376, 378, 396, 671, 914, 953"},"geometry":{"type":"LineString","coordinates":[[14.591159,50.151828],[14.590393,50.151331]]}},{"type":"Feature","properties":{"mode":"bus","n":8,"arr":["159","186","375","376","378","671","914","953"],"lines":"159, 186, 375, 376, 378, 671, 914, 953"},"geometry":{"type":"LineString","coordinates":[[14.590393,50.151331],[14.587908,50.149735],[14.580797,50.145078],[14.580283,50.144693],[14.579802,50.144246],[14.579795,50.144236],[14.579794,50.144226],[14.579801,50.144216],[14.579829,50.144187],[14.579814,50.144136],[14.57975,50.144104],[14.57967,50.144108]]}},{"type":"Feature","properties":{"mode":"bus","n":7,"arr":["159","186","375","376","378","914","953"],"lines":"159, 186, 375, 376, 378, 914, 953"},"geometry":{"type":"LineString","coordinates":[[14.579623,50.144212],[14.579695,50.144238],[14.579717,50.144243],[14.579741,50.144241],[14.579786,50.144231]]}},{"type":"Feature","properties":{"mode":"bus","n":5,"arr":["186","201","912","953","X90"],"lines":"186, 201, 912, 953, X90"},"geometry":{"type":"LineString","coordinates":[[14.554242,50.106921],[14.554298,50.106936],[14.554322,50.106947],[14.554337,50.106963],[14.554346,50.106978],[14.554351,50.106997],[14.554343,50.107015],[14.554326,50.107034],[14.554305,50.10705],[14.554275,50.107058],[14.554202,50.107065]]}},{"type":"Feature","properties":{"mode":"bus","n":5,"arr":["186","201","912","953","X90"],"lines":"186, 201, 912, 953, X90"},"geometry":{"type":"LineString","coordinates":[[14.555357,50.106285],[14.554383,50.106859]]}},{"type":"Feature","properties":{"mode":"bus","n":5,"arr":["189","197","215","904","913"],"lines":"189, 197, 215, 904, 913"},"geometry":{"type":"LineString","coordinates":[[14.448891,50.01804],[14.448826,50.018007],[14.448788,50.017949]]}},{"type":"Feature","properties":{"mode":"bus","n":5,"arr":["189","197","215","904","913"],"lines":"189, 197, 215, 904, 913"},"geometry":{"type":"LineString","coordinates":[[14.448991,50.017824],[14.449441,50.017273],[14.44957,50.017164],[14.450692,50.015871],[14.450944,50.01555],[14.450964,50.015377],[14.451007,50.015341],[14.451097,50.015318]]}},{"type":"Feature","properties":{"mode":"bus","n":5,"arr":["189","197","215","904","913"],"lines":"189, 197, 215, 904, 913"},"geometry":{"type":"LineString","coordinates":[[14.451234,50.015356],[14.451267,50.015399]]}},{"type":"Feature","properties":{"mode":"bus","n":7,"arr":["209","229","272","364","366","903","959"],"lines":"209, 229, 272, 364, 366, 903, 959"},"geometry":{"type":"LineString","coordinates":[[14.608697,50.031217],[14.608833,50.031255],[14.608907,50.031336],[14.60889,50.031429],[14.608801,50.031494],[14.608671,50.031516],[14.60852,50.031477],[14.608447,50.031384],[14.608486,50.031282]]}},{"type":"Feature","properties":{"mode":"bus","n":9,"arr":["209","226","227","229","272","364","366","903","959"],"lines":"209, 226, 227, 229, 272, 364, 366, 903, 959"},"geometry":{"type":"LineString","coordinates":[[14.601318,50.029747],[14.601565,50.029672],[14.602891,50.029525],[14.603254,50.029511],[14.603722,50.029578],[14.604565,50.029753],[14.605033,50.029873],[14.605311,50.029999],[14.605593,50.03022],[14.605923,50.030431],[14.606574,50.030704],[14.608278,50.031191],[14.608458,50.03127],[14.608476,50.031275],[14.608494,50.031274],[14.608511,50.031267],[14.608556,50.031239],[14.608697,50.031217]]}},{"type":"Feature","properties":{"mode":"bus","n":8,"arr":["226","227","228","229","364","366","903","959"],"lines":"226, 227, 228, 229, 364, 366, 903, 959"},"geometry":{"type":"LineString","coordinates":[[14.593221,50.03551],[14.591823,50.036544],[14.591509,50.036816],[14.59014,50.038216],[14.589963,50.038326],[14.58952,50.038512],[14.589504,50.038521],[14.589498,50.038532],[14.589501,50.038546],[14.589522,50.038586],[14.589499,50.038659],[14.589373,50.03873],[14.589205,50.038725],[14.589118,50.038678],[14.58908,50.038572],[14.589128,50.038505],[14.589222,50.038461],[14.589339,50.038455],[14.58949,50.038524]]}},{"type":"Feature","properties":{"mode":"bus","n":10,"arr":["307","308","309","310","311","336","347","358","380","952"],"lines":"307, 308, 309, 310, 311, 336, 347, 358, 380, 952"},"geometry":{"type":"LineString","coordinates":[[14.274687,50.052118],[14.274429,50.051822],[14.27401,50.051442],[14.273808,50.051295],[14.273583,50.051176],[14.272311,50.050658],[14.271099,50.050289],[14.268755,50.049809],[14.268286,50.049688],[14.26777,50.049482],[14.267489,50.049396],[14.267295,50.049267],[14.267205,50.049235],[14.267035,50.04924],[14.266899,50.049328],[14.266882,50.049391],[14.266908,50.049458],[14.267044,50.049537],[14.267192,50.049542],[14.267318,50.049492],[14.267378,50.049407],[14.267357,50.04932]]}},{"type":"Feature","properties":{"mode":"bus","n":7,"arr":["307","308","309","310","311","380","952"],"lines":"307, 308, 309, 310, 311, 380, 952"},"geometry":{"type":"LineString","coordinates":[[14.255362,50.042761],[14.255259,50.042792],[14.255135,50.042778],[14.255051,50.042717],[14.255036,50.042673],[14.255068,50.042599],[14.255132,50.042567],[14.255169,50.042555],[14.25521,50.042555],[14.255304,50.042564],[14.255343,50.042574],[14.255373,50.042592],[14.255419,50.042636],[14.255425,50.042678],[14.255384,50.042732],[14.255376,50.042751],[14.255381,50.042768],[14.255399,50.042783],[14.255639,50.042929],[14.25616,50.043183],[14.257115,50.043787],[14.258485,50.044496]]}},{"type":"Feature","properties":{"mode":"bus","n":7,"arr":["307","308","309","310","311","380","952"],"lines":"307, 308, 309, 310, 311, 380, 952"},"geometry":{"type":"LineString","coordinates":[[14.290322,50.054891],[14.28986,50.055361],[14.289676,50.055402]]}},{"type":"Feature","properties":{"mode":"bus","n":6,"arr":["307","308","311","358","380","952"],"lines":"307, 308, 311, 358, 380, 952"},"geometry":{"type":"LineString","coordinates":[[14.21233,50.026808],[14.212842,50.027168],[14.21312,50.027315],[14.220214,50.029615],[14.230928,50.033668],[14.231303,50.033743],[14.231349,50.033782],[14.231352,50.033814],[14.231349,50.03383],[14.231335,50.033843],[14.231257,50.033893]]}},{"type":"Feature","properties":{"mode":"bus","n":6,"arr":["307","308","311","358","380","952"],"lines":"307, 308, 311, 358, 380, 952"},"geometry":{"type":"LineString","coordinates":[[14.231103,50.033839],[14.231096,50.033813]]}},{"type":"Feature","properties":{"mode":"bus","n":5,"arr":["307","308","311","380","952"],"lines":"307, 308, 311, 380, 952"},"geometry":{"type":"LineString","coordinates":[[14.231257,50.033893],[14.231164,50.033885],[14.231103,50.033839]]}},{"type":"Feature","properties":{"mode":"bus","n":5,"arr":["307","308","311","380","952"],"lines":"307, 308, 311, 380, 952"},"geometry":{"type":"LineString","coordinates":[[14.255046,50.04263],[14.254841,50.042603],[14.254458,50.042505],[14.253675,50.042226],[14.248064,50.040101],[14.247419,50.039976],[14.247286,50.039891],[14.247096,50.039599],[14.246946,50.039524],[14.246354,50.039439],[14.246043,50.039349],[14.235841,50.035498],[14.232041,50.034073],[14.23158,50.033918],[14.231357,50.033806]]}},{"type":"Feature","properties":{"mode":"bus","n":5,"arr":["307","308","311","380","952"],"lines":"307, 308, 311, 380, 952"},"geometry":{"type":"LineString","coordinates":[[14.212026,50.026642],[14.21233,50.026808]]}},{"type":"Feature","properties":{"mode":"bus","n":5,"arr":["307","308","311","380","952"],"lines":"307, 308, 311, 380, 952"},"geometry":{"type":"LineString","coordinates":[[14.231096,50.033813],[14.230928,50.033668]]}},{"type":"Feature","properties":{"mode":"bus","n":5,"arr":["312","322","356","414","429"],"lines":"312, 322, 356, 414, 429"},"geometry":{"type":"LineString","coordinates":[[14.289847,50.120463],[14.289628,50.120701],[14.28957,50.120845],[14.289547,50.120876],[14.289508,50.120898],[14.289417,50.120932],[14.289308,50.120923],[14.289222,50.12088]]}},{"type":"Feature","properties":{"mode":"bus","n":5,"arr":["312","322","356","414","429"],"lines":"312, 322, 356, 414, 429"},"geometry":{"type":"LineString","coordinates":[[14.281406,50.124034],[14.281484,50.124111],[14.281471,50.124233],[14.281331,50.124319],[14.281186,50.124329]]}},{"type":"Feature","properties":{"mode":"bus","n":5,"arr":["312","322","356","414","429"],"lines":"312, 322, 356, 414, 429"},"geometry":{"type":"LineString","coordinates":[[14.278233,50.124798],[14.278121,50.124863],[14.277972,50.12488],[14.277832,50.124843],[14.277744,50.124764]]}},{"type":"Feature","properties":{"mode":"bus","n":5,"arr":["312","322","356","414","429"],"lines":"312, 322, 356, 414, 429"},"geometry":{"type":"LineString","coordinates":[[14.290419,50.119446],[14.290403,50.119817],[14.290311,50.120048],[14.289847,50.120463],[14.289574,50.120598],[14.289265,50.120691],[14.289139,50.120786],[14.288673,50.12088],[14.287734,50.121117],[14.286799,50.121296],[14.286295,50.12145],[14.284996,50.122076],[14.28465,50.12228],[14.283743,50.122914],[14.283165,50.123241],[14.282241,50.123653],[14.281608,50.123891],[14.281444,50.124007],[14.281417,50.124021],[14.281387,50.124025],[14.281354,50.124021],[14.28124,50.123992],[14.281055,50.124035],[14.280986,50.124097],[14.28097,50.124192],[14.281044,50.124282],[14.281136,50.124313],[14.281163,50.124326],[14.281177,50.124343],[14.281178,50.124365],[14.281031,50.125055],[14.281024,50.125071],[14.281011,50.125081],[14.280992,50.125086],[14.280968,50.125086],[14.278353,50.124832],[14.278275,50.12481],[14.278253,50.1248],[14.278243,50.124787],[14.278245,50.124769],[14.278273,50.124699],[14.278184,50.124577],[14.278091,50.124542],[14.277929,50.124538],[14.277832,50.12457],[14.277762,50.124624],[14.27773,50.124692],[14.277739,50.124739],[14.277738,50.124754],[14.277726,50.124764],[14.277706,50.12477],[14.277358,50.124829],[14.277084,50.124919],[14.276603,50.125197],[14.276277,50.125419],[14.27595,50.125594],[14.275398,50.125723],[14.274329,50.12589],[14.273252,50.126293],[14.272839,50.126363],[14.272495,50.126453],[14.272369,50.126461]]}},{"type":"Feature","properties":{"mode":"bus","n":5,"arr":["316","370","372","663","857"],"lines":"316, 370, 372, 663, 857"},"geometry":{"type":"LineString","coordinates":[[14.312992,50.241111],[14.312733,50.241287],[14.311966,50.241372],[14.311454,50.241357],[14.310713,50.241674],[14.31069,50.241688],[14.31068,50.241706],[14.310683,50.241726],[14.310696,50.241754],[14.310699,50.241775],[14.310691,50.241794],[14.310671,50.24181],[14.310624,50.241839],[14.310595,50.24185],[14.31056,50.241852],[14.310492,50.241845],[14.310447,50.24182],[14.310432,50.241763],[14.310435,50.241734],[14.31046,50.241711],[14.310492,50.241691],[14.310532,50.241677],[14.310578,50.241677],[14.310669,50.241693]]}},{"type":"Feature","properties":{"mode":"bus","n":5,"arr":["316","370","372","663","857"],"lines":"316, 370, 372, 663, 857"},"geometry":{"type":"LineString","coordinates":[[14.313498,50.23981],[14.313649,50.239938],[14.313831,50.240039],[14.31468,50.240348],[14.315139,50.240469],[14.316288,50.240674],[14.316407,50.240723],[14.316456,50.24078],[14.316464,50.240795],[14.316463,50.240807],[14.316453,50.240817],[14.316432,50.240826],[14.315877,50.240993],[14.315827,50.241],[14.315778,50.24099],[14.315623,50.240932],[14.315371,50.240907],[14.314921,50.240887],[14.314112,50.240905],[14.313559,50.24095],[14.313165,50.241038],[14.313039,50.241091],[14.313017,50.241098],[14.312999,50.241098],[14.312985,50.241091],[14.312975,50.241077],[14.312914,50.240957],[14.312469,50.239456],[14.31247,50.239435],[14.312484,50.23942],[14.312512,50.239409],[14.312882,50.239327]]}},{"type":"Feature","properties":{"mode":"bus","n":6,"arr":["322","356","414","429","907","AE"],"lines":"322, 356, 414, 429, 907, AE"},"geometry":{"type":"LineString","coordinates":[[14.283046,50.113418],[14.283058,50.113369],[14.283019,50.113303],[14.282773,50.113225],[14.282656,50.113156],[14.282388,50.112911],[14.28235,50.112839],[14.280706,50.111294],[14.280369,50.111024],[14.28003,50.1108],[14.279609,50.110577],[14.278987,50.110331],[14.278314,50.110148],[14.277377,50.109962]]}},{"type":"Feature","properties":{"mode":"bus","n":6,"arr":["322","356","414","429","907","AE"],"lines":"322, 356, 414, 429, 907, AE"},"geometry":{"type":"LineString","coordinates":[[14.276153,50.10984],[14.277822,50.110147],[14.278751,50.110366],[14.279077,50.11047],[14.279494,50.110641],[14.280053,50.110946],[14.280458,50.111241],[14.280748,50.111496],[14.282601,50.113225],[14.282732,50.11345],[14.282927,50.113548],[14.283362,50.113941],[14.284203,50.114774],[14.284532,50.115025],[14.285154,50.115394]]}},{"type":"Feature","properties":{"mode":"bus","n":5,"arr":["322","356","414","429","907"],"lines":"322, 356, 414, 429, 907"},"geometry":{"type":"LineString","coordinates":[[14.284999,50.115298],[14.285477,50.115523],[14.285868,50.115807],[14.286121,50.115851]]}},{"type":"Feature","properties":{"mode":"bus","n":5,"arr":["322","356","414","429","907"],"lines":"322, 356, 414, 429, 907"},"geometry":{"type":"LineString","coordinates":[[14.285154,50.115394],[14.285404,50.115526],[14.285563,50.115643],[14.285724,50.11583],[14.285775,50.116024],[14.285834,50.116082],[14.285924,50.116113],[14.286032,50.116119],[14.286183,50.116056],[14.286219,50.116002],[14.286214,50.115934],[14.286154,50.11588],[14.286145,50.115872],[14.28614,50.115866],[14.28614,50.115864],[14.286145,50.115864],[14.286153,50.115866],[14.286166,50.115872],[14.286964,50.116246],[14.287873,50.116711],[14.288512,50.11711],[14.289114,50.117534],[14.289728,50.118048],[14.290099,50.118494],[14.290257,50.118781],[14.29035,50.119025],[14.290419,50.119446]]}},{"type":"Feature","properties":{"mode":"bus","n":5,"arr":["322","356","414","429","907"],"lines":"322, 356, 414, 429, 907"},"geometry":{"type":"LineString","coordinates":[[14.284022,50.114593],[14.283729,50.11424],[14.283306,50.113827],[14.283079,50.11356],[14.283046,50.113418]]}},{"type":"Feature","properties":{"mode":"bus","n":5,"arr":["331","334","341","762","960"],"lines":"331, 334, 341, 762, 960"},"geometry":{"type":"LineString","coordinates":[[14.480412,49.960485],[14.480469,49.960524],[14.480503,49.960539],[14.480544,49.960541],[14.480627,49.960534]]}},{"type":"Feature","properties":{"mode":"bus","n":6,"arr":["331","333","334","341","362","960"],"lines":"331, 333, 334, 341, 362, 960"},"geometry":{"type":"LineString","coordinates":[[14.458034,49.963281],[14.457986,49.963347],[14.458013,49.963419],[14.458065,49.963454],[14.458162,49.96347],[14.458272,49.963442],[14.458328,49.963381],[14.458318,49.963316],[14.458227,49.963256]]}},{"type":"Feature","properties":{"mode":"bus","n":5,"arr":["331","333","334","341","362"],"lines":"331, 333, 334, 341, 362"},"geometry":{"type":"LineString","coordinates":[[14.458034,49.963281],[14.45814,49.963248],[14.458227,49.963256]]}},{"type":"Feature","properties":{"mode":"bus","n":5,"arr":["494","686","MHD 7","MHD 9","MHD 91"],"lines":"494, 686, MHD 7, MHD 9, MHD 91"},"geometry":{"type":"LineString","coordinates":[[14.657684,49.998589],[14.657848,49.998578],[14.657945,49.998614],[14.657999,49.998669],[14.65801,49.998734],[14.657976,49.998795],[14.657903,49.998841],[14.657799,49.998861]]}},{"type":"Feature","properties":{"mode":"bus","n":5,"arr":["494","686","MHD 7","MHD 9","MHD 91"],"lines":"494, 686, MHD 7, MHD 9, MHD 91"},"geometry":{"type":"LineString","coordinates":[[14.657541,49.998956],[14.657613,49.998809],[14.657563,49.998726],[14.657475,49.998696]]}},{"type":"Feature","properties":{"mode":"bus","n":5,"arr":["51","131","216","263","907"],"lines":"51, 131, 216, 263, 907"},"geometry":{"type":"LineString","coordinates":[[14.36511,50.098725],[14.365043,50.09877]]}},{"type":"Feature","properties":{"mode":"bus","n":5,"arr":["51","131","216","218","907"],"lines":"51, 131, 216, 218, 907"},"geometry":{"type":"LineString","coordinates":[[14.365095,50.098534],[14.36511,50.098725]]}},{"type":"Feature","properties":{"mode":"bus","n":7,"arr":["51","131","216","218","907","AE","X26"],"lines":"51, 131, 216, 218, 907, AE, X26"},"geometry":{"type":"LineString","coordinates":[[14.370045,50.098953],[14.368961,50.098853],[14.365672,50.098611],[14.365095,50.098534]]}},{"type":"Feature","properties":{"mode":"bus","n":6,"arr":["51","131","216","218","263","907"],"lines":"51, 131, 216, 218, 263, 907"},"geometry":{"type":"LineString","coordinates":[[14.370046,50.099093],[14.370045,50.098953]]}},{"type":"Feature","properties":{"mode":"bus","n":5,"arr":["51","108","131","255","907"],"lines":"51, 108, 131, 255, 907"},"geometry":{"type":"LineString","coordinates":[[14.396187,50.107098],[14.393109,50.107047],[14.392843,50.107111],[14.392655,50.107124],[14.391375,50.107098],[14.391171,50.107048]]}},{"type":"Feature","properties":{"mode":"bus","n":8,"arr":["51","131","216","218","263","907","AE","X26"],"lines":"51, 131, 216, 218, 263, 907, AE, X26"},"geometry":{"type":"LineString","coordinates":[[14.36511,50.098725],[14.367614,50.098878],[14.370046,50.099093]]}},{"type":"Feature","properties":{"mode":"bus","n":5,"arr":["51","131","216","AE","X26"],"lines":"51, 131, 216, AE, X26"},"geometry":{"type":"LineString","coordinates":[[14.36511,50.098725],[14.364194,50.098656]]}},{"type":"Feature","properties":{"mode":"bus","n":5,"arr":["52","123","137","167","191"],"lines":"52, 123, 137, 167, 191"},"geometry":{"type":"LineString","coordinates":[[14.403597,50.068538],[14.404105,50.068604],[14.404234,50.068643]]}},{"type":"Feature","properties":{"mode":"bus","n":5,"arr":["52","120","137","231","232"],"lines":"52, 120, 137, 231, 232"},"geometry":{"type":"LineString","coordinates":[[14.403597,50.068538],[14.403673,50.068227]]}},{"type":"Feature","properties":{"mode":"bus","n":5,"arr":["52","120","137","231","232"],"lines":"52, 120, 137, 231, 232"},"geometry":{"type":"LineString","coordinates":[[14.40218,50.067992],[14.402208,50.06794],[14.402213,50.067933],[14.402218,50.06793],[14.402223,50.06793],[14.402228,50.067932],[14.402234,50.067938],[14.402263,50.067972]]}},{"type":"Feature","properties":{"mode":"bus","n":6,"arr":["52","120","137","231","232","901"],"lines":"52, 120, 137, 231, 232, 901"},"geometry":{"type":"LineString","coordinates":[[14.402263,50.067972],[14.402329,50.068017],[14.402468,50.068054],[14.403673,50.068227]]}},{"type":"Feature","properties":{"mode":"bus","n":8,"arr":["52","120","123","137","167","191","231","232"],"lines":"52, 120, 123, 137, 167, 191, 231, 232"},"geometry":{"type":"LineString","coordinates":[[14.405257,50.069224],[14.403883,50.069047],[14.40344,50.069015]]}},{"type":"Feature","properties":{"mode":"bus","n":8,"arr":["53","148","176","904","907","908","910","X18"],"lines":"53, 148, 176, 904, 907, 908, 910, X18"},"geometry":{"type":"LineString","coordinates":[[14.419084,50.075789],[14.41888,50.074848],[14.418775,50.074602],[14.418636,50.073931],[14.418558,50.073824]]}},{"type":"Feature","properties":{"mode":"bus","n":6,"arr":["53","176","904","907","908","910"],"lines":"53, 176, 904, 907, 908, 910"},"geometry":{"type":"LineString","coordinates":[[14.418558,50.073824],[14.418444,50.073754],[14.41758,50.073707],[14.415602,50.073327],[14.414298,50.073234],[14.414081,50.073163]]}},{"type":"Feature","properties":{"mode":"bus","n":6,"arr":["53","176","904","907","908","910"],"lines":"53, 176, 904, 907, 908, 910"},"geometry":{"type":"LineString","coordinates":[[14.413977,50.07568],[14.413874,50.075155],[14.413989,50.073478]]}},{"type":"Feature","properties":{"mode":"bus","n":5,"arr":["53","176","191","265","910"],"lines":"53, 176, 191, 265, 910"},"geometry":{"type":"LineString","coordinates":[[14.384762,50.078161],[14.387672,50.07798],[14.387779,50.077988],[14.387883,50.07803],[14.387941,50.078103],[14.387946,50.078159]]}},{"type":"Feature","properties":{"mode":"bus","n":5,"arr":["53","148","176","907","908"],"lines":"53, 148, 176, 907, 908"},"geometry":{"type":"LineString","coordinates":[[14.419084,50.075789],[14.41836,50.075826],[14.417051,50.075758]]}},{"type":"Feature","properties":{"mode":"bus","n":7,"arr":["58","136","182","195","375","911","914"],"lines":"58, 136, 182, 195, 375, 911, 914"},"geometry":{"type":"LineString","coordinates":[[14.507338,50.122755],[14.499174,50.118439]]}},{"type":"Feature","properties":{"mode":"bus","n":7,"arr":["58","136","182","195","375","911","914"],"lines":"58, 136, 182, 195, 375, 911, 914"},"geometry":{"type":"LineString","coordinates":[[14.499069,50.118519],[14.507227,50.122819]]}},{"type":"Feature","properties":{"mode":"bus","n":8,"arr":["58","136","159","182","185","195","201","375"],"lines":"58, 136, 159, 182, 185, 195, 201, 375"},"geometry":{"type":"LineString","coordinates":[[14.515972,50.125057],[14.515641,50.125065]]}},{"type":"Feature","properties":{"mode":"bus","n":15,"arr":["58","136","159","182","185","195","201","209","302","321","351","375","376","377","378"],"lines":"58, 136, 159, 182, 185, 195, 201, 209, 302, 321, 351, 375, 376, 377, 378"},"geometry":{"type":"LineString","coordinates":[[14.515972,50.125057],[14.516604,50.125049]]}},{"type":"Feature","properties":{"mode":"bus","n":8,"arr":["58","110","136","195","201","321","351","377"],"lines":"58, 110, 136, 195, 201, 321, 351, 377"},"geometry":{"type":"LineString","coordinates":[[14.516604,50.125049],[14.516676,50.125198],[14.516712,50.125956]]}},{"type":"Feature","properties":{"mode":"bus","n":9,"arr":["58","110","136","158","195","201","321","351","377"],"lines":"58, 110, 136, 158, 195, 201, 321, 351, 377"},"geometry":{"type":"LineString","coordinates":[[14.516712,50.125956],[14.516663,50.126186],[14.51655,50.126321],[14.515012,50.127317]]}},{"type":"Feature","properties":{"mode":"bus","n":9,"arr":["58","110","136","158","195","201","321","351","377"],"lines":"58, 110, 136, 158, 195, 201, 321, 351, 377"},"geometry":{"type":"LineString","coordinates":[[14.516544,50.125282],[14.516569,50.126058],[14.516473,50.126245],[14.515037,50.12718],[14.514681,50.127438],[14.513969,50.127836]]}},{"type":"Feature","properties":{"mode":"bus","n":12,"arr":["58","110","136","158","166","195","201","321","351","377","911","914"],"lines":"58, 110, 136, 158, 166, 195, 201, 321, 351, 377, 911, 914"},"geometry":{"type":"LineString","coordinates":[[14.515012,50.127317],[14.51405,50.127943],[14.513818,50.128064],[14.513371,50.128248],[14.512691,50.128435],[14.511251,50.128681],[14.510996,50.128744]]}},{"type":"Feature","properties":{"mode":"bus","n":12,"arr":["58","110","136","158","166","195","201","321","351","377","911","914"],"lines":"58, 110, 136, 158, 166, 195, 201, 321, 351, 377, 911, 914"},"geometry":{"type":"LineString","coordinates":[[14.513969,50.127836],[14.513436,50.128094],[14.512856,50.12828],[14.510942,50.128637]]}},{"type":"Feature","properties":{"mode":"bus","n":8,"arr":["58","110","136","166","321","351","377","911"],"lines":"58, 110, 136, 166, 321, 351, 377, 911"},"geometry":{"type":"LineString","coordinates":[[14.505267,50.142527],[14.505234,50.142773],[14.505341,50.143408],[14.506105,50.149356]]}},{"type":"Feature","properties":{"mode":"bus","n":8,"arr":["58","136","166","202","321","351","377","911"],"lines":"58, 136, 166, 202, 321, 351, 377, 911"},"geometry":{"type":"LineString","coordinates":[[14.519188,50.15161],[14.512935,50.150593]]}},{"type":"Feature","properties":{"mode":"bus","n":9,"arr":["58","136","166","202","321","351","377","911","915"],"lines":"58, 136, 166, 202, 321, 351, 377, 911, 915"},"geometry":{"type":"LineString","coordinates":[[14.520141,50.151696],[14.519669,50.151672],[14.519188,50.15161]]}},{"type":"Feature","properties":{"mode":"bus","n":6,"arr":["58","166","185","202","275","915"],"lines":"58, 166, 185, 202, 275, 915"},"geometry":{"type":"LineString","coordinates":[[14.520208,50.150221],[14.520139,50.150311],[14.520141,50.151696]]}},{"type":"Feature","properties":{"mode":"bus","n":7,"arr":["58","166","185","202","257","275","915"],"lines":"58, 166, 185, 202, 257, 275, 915"},"geometry":{"type":"LineString","coordinates":[[14.526324,50.147561],[14.523409,50.147701],[14.523201,50.147715],[14.522943,50.147788],[14.521851,50.148326],[14.521447,50.148584],[14.520267,50.150085],[14.520208,50.150221]]}},{"type":"Feature","properties":{"mode":"bus","n":9,"arr":["58","166","185","202","257","276","321","377","915"],"lines":"58, 166, 185, 202, 257, 276, 321, 377, 915"},"geometry":{"type":"LineString","coordinates":[[14.531127,50.151299],[14.531232,50.151155],[14.531239,50.15114],[14.531236,50.151131],[14.531223,50.151125],[14.5312,50.151125],[14.530008,50.151178]]}},{"type":"Feature","properties":{"mode":"bus","n":9,"arr":["58","166","185","202","257","276","321","377","915"],"lines":"58, 166, 185, 202, 257, 276, 321, 377, 915"},"geometry":{"type":"LineString","coordinates":[[14.531004,50.151473],[14.530315,50.152374],[14.530295,50.15239],[14.53027,50.152395],[14.530239,50.15239],[14.529313,50.152105]]}},{"type":"Feature","properties":{"mode":"bus","n":5,"arr":["58","257","321","377","915"],"lines":"58, 257, 321, 377, 915"},"geometry":{"type":"LineString","coordinates":[[14.542051,50.156371],[14.539279,50.15519],[14.53029,50.152406]]}},{"type":"Feature","properties":{"mode":"bus","n":8,"arr":["58","166","185","257","276","321","377","915"],"lines":"58, 166, 185, 257, 276, 321, 377, 915"},"geometry":{"type":"LineString","coordinates":[[14.531127,50.151299],[14.531004,50.151473]]}},{"type":"Feature","properties":{"mode":"bus","n":6,"arr":["58","166","202","257","275","915"],"lines":"58, 166, 202, 257, 275, 915"},"geometry":{"type":"LineString","coordinates":[[14.52022,50.150753],[14.520208,50.150221]]}},{"type":"Feature","properties":{"mode":"bus","n":5,"arr":["58","166","202","275","915"],"lines":"58, 166, 202, 275, 915"},"geometry":{"type":"LineString","coordinates":[[14.520225,50.150995],[14.52022,50.150753]]}},{"type":"Feature","properties":{"mode":"bus","n":6,"arr":["58","110","136","158","195","201"],"lines":"58, 110, 136, 158, 195, 201"},"geometry":{"type":"LineString","coordinates":[[14.516544,50.12527],[14.516544,50.125282]]}},{"type":"Feature","properties":{"mode":"bus","n":5,"arr":["58","110","136","195","201"],"lines":"58, 110, 136, 195, 201"},"geometry":{"type":"LineString","coordinates":[[14.516604,50.125049],[14.516544,50.12527]]}},{"type":"Feature","properties":{"mode":"bus","n":6,"arr":["58","136","182","195","375","914"],"lines":"58, 136, 182, 195, 375, 914"},"geometry":{"type":"LineString","coordinates":[[14.498957,50.118456],[14.499069,50.118519]]}},{"type":"Feature","properties":{"mode":"bus","n":5,"arr":["59","218","322","414","429"],"lines":"59, 218, 322, 414, 429"},"geometry":{"type":"LineString","coordinates":[[14.347152,50.095969],[14.347243,50.09578]]}},{"type":"Feature","properties":{"mode":"bus","n":6,"arr":["59","322","414","429","AE","X26"],"lines":"59, 322, 414, 429, AE, X26"},"geometry":{"type":"LineString","coordinates":[[14.324039,50.092652],[14.324964,50.092616],[14.32514,50.092659],[14.326344,50.092675],[14.327243,50.092735],[14.329323,50.092956],[14.332507,50.093321],[14.333205,50.093418],[14.336074,50.093927],[14.337851,50.094294],[14.338877,50.094445],[14.343533,50.095275],[14.345401,50.095619],[14.346346,50.095826],[14.347152,50.095969]]}},{"type":"Feature","properties":{"mode":"bus","n":6,"arr":["59","322","414","429","AE","X26"],"lines":"59, 322, 414, 429, AE, X26"},"geometry":{"type":"LineString","coordinates":[[14.347243,50.09578],[14.345934,50.09554],[14.345455,50.095485],[14.334604,50.093528],[14.332433,50.09317],[14.330522,50.09294],[14.326562,50.092542],[14.325258,50.092515],[14.32412,50.09255]]}},{"type":"Feature","properties":{"mode":"bus","n":9,"arr":["59","108","191","322","414","429","910","AE","X26"],"lines":"59, 108, 191, 322, 414, 429, 910, AE, X26"},"geometry":{"type":"LineString","coordinates":[[14.322689,50.092698],[14.324039,50.092652]]}},{"type":"Feature","properties":{"mode":"bus","n":8,"arr":["59","191","280","322","414","429","910","AE"],"lines":"59, 191, 280, 322, 414, 429, 910, AE"},"geometry":{"type":"LineString","coordinates":[[14.322559,50.092703],[14.322689,50.092698]]}},{"type":"Feature","properties":{"mode":"bus","n":5,"arr":["59","322","414","429","AE"],"lines":"59, 322, 414, 429, AE"},"geometry":{"type":"LineString","coordinates":[[14.299847,50.093814],[14.305463,50.093389],[14.319059,50.092864],[14.322175,50.092761],[14.322559,50.092703]]}},{"type":"Feature","properties":{"mode":"bus","n":5,"arr":["59","322","414","429","AE"],"lines":"59, 322, 414, 429, AE"},"geometry":{"type":"LineString","coordinates":[[14.322052,50.092624],[14.320889,50.092699],[14.305602,50.093299],[14.304187,50.093387],[14.299788,50.093726],[14.299417,50.093726],[14.299028,50.093697],[14.298002,50.093541]]}},{"type":"Feature","properties":{"mode":"bus","n":6,"arr":["59","191","322","414","429","910"],"lines":"59, 191, 322, 414, 429, 910"},"geometry":{"type":"LineString","coordinates":[[14.297832,50.093673],[14.298015,50.09369]]}},{"type":"Feature","properties":{"mode":"bus","n":6,"arr":["59","191","322","414","429","910"],"lines":"59, 191, 322, 414, 429, 910"},"geometry":{"type":"LineString","coordinates":[[14.295228,50.094254],[14.295173,50.094294]]}},{"type":"Feature","properties":{"mode":"bus","n":9,"arr":["59","100","191","322","414","429","907","910","AE"],"lines":"59, 100, 191, 322, 414, 429, 907, 910, AE"},"geometry":{"type":"LineString","coordinates":[[14.272893,50.10931],[14.27441,50.109569]]}},{"type":"Feature","properties":{"mode":"bus","n":6,"arr":["59","100","191","907","910","AE"],"lines":"59, 100, 191, 907, 910, AE"},"geometry":{"type":"LineString","coordinates":[[14.272023,50.106128],[14.272095,50.106152],[14.272202,50.106152],[14.272307,50.106098],[14.272326,50.106002],[14.272233,50.105845],[14.272242,50.105769],[14.271797,50.105318],[14.271773,50.105252],[14.271396,50.104894],[14.271259,50.104804],[14.271033,50.104564],[14.270833,50.104449],[14.270595,50.104386],[14.27029,50.104373],[14.270098,50.104404],[14.269885,50.104469],[14.269113,50.104788],[14.268888,50.10493],[14.268727,50.105086],[14.267488,50.105633],[14.267461,50.105686],[14.267457,50.105713],[14.267474,50.105738],[14.267784,50.106018],[14.267867,50.106054],[14.268249,50.106422],[14.268261,50.106441],[14.268257,50.106458],[14.268235,50.106473],[14.267887,50.106639],[14.267807,50.106764],[14.267825,50.106846],[14.267881,50.106912],[14.268152,50.107054],[14.26925,50.108073],[14.269896,50.108298],[14.270582,50.108725],[14.271034,50.10892],[14.271332,50.108978],[14.272284,50.109246],[14.272607,50.109312],[14.272893,50.10931]]}},{"type":"Feature","properties":{"mode":"bus","n":5,"arr":["59","100","191","907","910"],"lines":"59, 100, 191, 907, 910"},"geometry":{"type":"LineString","coordinates":[[14.268047,50.107102],[14.267881,50.106912]]}},{"type":"Feature","properties":{"mode":"bus","n":6,"arr":["59","100","322","356","414","429"],"lines":"59, 100, 322, 356, 414, 429"},"geometry":{"type":"LineString","coordinates":[[14.287458,50.099996],[14.287599,50.10006],[14.287845,50.100243]]}},{"type":"Feature","properties":{"mode":"bus","n":6,"arr":["59","100","322","356","414","429"],"lines":"59, 100, 322, 356, 414, 429"},"geometry":{"type":"LineString","coordinates":[[14.287285,50.099853],[14.287293,50.09984]]}},{"type":"Feature","properties":{"mode":"bus","n":7,"arr":["59","191","322","414","429","910","AE"],"lines":"59, 191, 322, 414, 429, 910, AE"},"geometry":{"type":"LineString","coordinates":[[14.29784,50.09352],[14.29739,50.093506],[14.297059,50.093531],[14.296453,50.09366],[14.296035,50.093797],[14.295802,50.0939],[14.295228,50.094254]]}},{"type":"Feature","properties":{"mode":"bus","n":7,"arr":["59","191","322","414","429","910","AE"],"lines":"59, 191, 322, 414, 429, 910, AE"},"geometry":{"type":"LineString","coordinates":[[14.324074,50.092611],[14.322558,50.092671],[14.322052,50.092624]]}},{"type":"Feature","properties":{"mode":"bus","n":6,"arr":["59","322","414","429","910","AE"],"lines":"59, 322, 414, 429, 910, AE"},"geometry":{"type":"LineString","coordinates":[[14.298002,50.093541],[14.29784,50.09352]]}},{"type":"Feature","properties":{"mode":"bus","n":8,"arr":["59","108","191","322","414","429","910","AE"],"lines":"59, 108, 191, 322, 414, 429, 910, AE"},"geometry":{"type":"LineString","coordinates":[[14.32412,50.09255],[14.324074,50.092611]]}},{"type":"Feature","properties":{"mode":"bus","n":6,"arr":["166","185","202","257","275","915"],"lines":"166, 185, 202, 257, 275, 915"},"geometry":{"type":"LineString","coordinates":[[14.526557,50.149907],[14.526324,50.147561]]}},{"type":"Feature","properties":{"mode":"bus","n":7,"arr":["136","185","275","321","351","377","911"],"lines":"136, 185, 275, 321, 351, 377, 911"},"geometry":{"type":"LineString","coordinates":[[14.522531,50.15167],[14.520141,50.151696]]}},{"type":"Feature","properties":{"mode":"bus","n":5,"arr":["136","185","275","351","911"],"lines":"136, 185, 275, 351, 911"},"geometry":{"type":"LineString","coordinates":[[14.522727,50.158131],[14.522511,50.156167],[14.522402,50.155455],[14.522599,50.152589],[14.522572,50.15176],[14.522531,50.15167]]}},{"type":"Feature","properties":{"mode":"bus","n":7,"arr":["166","185","202","257","275","276","915"],"lines":"166, 185, 202, 257, 275, 276, 915"},"geometry":{"type":"LineString","coordinates":[[14.526715,50.151184],[14.526557,50.149907]]}},{"type":"Feature","properties":{"mode":"bus","n":6,"arr":["166","185","202","257","276","915"],"lines":"166, 185, 202, 257, 276, 915"},"geometry":{"type":"LineString","coordinates":[[14.526715,50.151184],[14.526798,50.151321],[14.526968,50.151393]]}},{"type":"Feature","properties":{"mode":"bus","n":8,"arr":["180","306","336","347","358","380","952","957"],"lines":"180, 306, 336, 347, 358, 380, 952, 957"},"geometry":{"type":"LineString","coordinates":[[14.290622,50.054809],[14.29109,50.054362],[14.291115,50.054312],[14.291078,50.054224]]}},{"type":"Feature","properties":{"mode":"bus","n":9,"arr":["100","180","306","336","347","358","380","952","957"],"lines":"100, 180, 306, 336, 347, 358, 380, 952, 957"},"geometry":{"type":"LineString","coordinates":[[14.290473,50.054957],[14.290622,50.054809]]}},{"type":"Feature","properties":{"mode":"bus","n":12,"arr":["100","130","180","246","249","306","336","347","358","380","952","957"],"lines":"100, 130, 180, 246, 249, 306, 336, 347, 358, 380, 952, 957"},"geometry":{"type":"LineString","coordinates":[[14.289676,50.055402],[14.289838,50.055447],[14.289937,50.055435],[14.289984,50.055423],[14.29002,50.0554],[14.290473,50.054957]]}},{"type":"Feature","properties":{"mode":"bus","n":17,"arr":["100","130","180","246","249","306","307","308","309","310","311","336","347","358","380","952","957"],"lines":"100, 130, 180, 246, 249, 306, 307, 308, 309, 310, 311, 336, 347, 358, 380, 952, 957"},"geometry":{"type":"LineString","coordinates":[[14.289284,50.055246],[14.289676,50.055402]]}},{"type":"Feature","properties":{"mode":"bus","n":17,"arr":["100","130","180","246","249","306","307","308","309","310","311","336","347","358","380","952","957"],"lines":"100, 130, 180, 246, 249, 306, 307, 308, 309, 310, 311, 336, 347, 358, 380, 952, 957"},"geometry":{"type":"LineString","coordinates":[[14.290466,50.054279],[14.289493,50.055211],[14.289284,50.055246],[14.288913,50.055107]]}},{"type":"Feature","properties":{"mode":"bus","n":9,"arr":["100","180","249","309","310","336","347","358","957"],"lines":"100, 180, 249, 309, 310, 336, 347, 358, 957"},"geometry":{"type":"LineString","coordinates":[[14.288794,50.05506],[14.288913,50.055107]]}},{"type":"Feature","properties":{"mode":"bus","n":7,"arr":["100","249","309","310","336","347","358"],"lines":"100, 249, 309, 310, 336, 347, 358"},"geometry":{"type":"LineString","coordinates":[[14.287056,50.056254],[14.28734,50.056179],[14.287517,50.056101],[14.288109,50.055731],[14.288433,50.055442],[14.288794,50.05506]]}},{"type":"Feature","properties":{"mode":"bus","n":12,"arr":["100","249","307","308","309","310","311","336","347","358","380","952"],"lines":"100, 249, 307, 308, 309, 310, 311, 336, 347, 358, 380, 952"},"geometry":{"type":"LineString","coordinates":[[14.287134,50.056324],[14.287083,50.056279],[14.287063,50.056265],[14.287038,50.056258],[14.287009,50.056257],[14.286584,50.056288],[14.286059,50.05621],[14.283795,50.055312]]}},{"type":"Feature","properties":{"mode":"bus","n":11,"arr":["100","307","308","309","310","311","336","347","358","380","952"],"lines":"100, 307, 308, 309, 310, 311, 336, 347, 358, 380, 952"},"geometry":{"type":"LineString","coordinates":[[14.283795,50.055312],[14.280641,50.054041],[14.275665,50.052754],[14.275443,50.05267],[14.275117,50.052491],[14.274933,50.052355],[14.274687,50.052118]]}},{"type":"Feature","properties":{"mode":"bus","n":16,"arr":["100","180","249","306","307","308","309","310","311","336","347","358","380","904","952","957"],"lines":"100, 180, 249, 306, 307, 308, 309, 310, 311, 336, 347, 358, 380, 904, 952, 957"},"geometry":{"type":"LineString","coordinates":[[14.287134,50.056324],[14.287487,50.056238],[14.288064,50.055883],[14.288433,50.055585],[14.288913,50.055107]]}},{"type":"Feature","properties":{"mode":"bus","n":10,"arr":["101","111","125","138","175","273","329","901","906","908"],"lines":"101, 111, 125, 138, 175, 273, 329, 901, 906, 908"},"geometry":{"type":"LineString","coordinates":[[14.508565,50.070462],[14.508442,50.070479]]}},{"type":"Feature","properties":{"mode":"bus","n":10,"arr":["101","111","125","138","175","177","195","329","901","906"],"lines":"101, 111, 125, 138, 175, 177, 195, 329, 901, 906"},"geometry":{"type":"LineString","coordinates":[[14.508442,50.070479],[14.508455,50.069853],[14.508336,50.069226],[14.508117,50.06868],[14.507813,50.068168]]}},{"type":"Feature","properties":{"mode":"bus","n":10,"arr":["101","111","125","138","175","177","195","329","901","906"],"lines":"101, 111, 125, 138, 175, 177, 195, 329, 901, 906"},"geometry":{"type":"LineString","coordinates":[[14.50807,50.068333],[14.508341,50.068826],[14.508517,50.069343],[14.508586,50.069789],[14.508565,50.070462]]}},{"type":"Feature","properties":{"mode":"bus","n":9,"arr":["101","111","125","138","175","177","195","329","901"],"lines":"101, 111, 125, 138, 175, 177, 195, 329, 901"},"geometry":{"type":"LineString","coordinates":[[14.507813,50.068168],[14.507617,50.067901]]}},{"type":"Feature","properties":{"mode":"bus","n":5,"arr":["101","138","175","177","195"],"lines":"101, 138, 175, 177, 195"},"geometry":{"type":"LineString","coordinates":[[14.507617,50.067901],[14.504926,50.064282],[14.50466,50.064018]]}},{"type":"Feature","properties":{"mode":"bus","n":5,"arr":["101","138","175","177","195"],"lines":"101, 138, 175, 177, 195"},"geometry":{"type":"LineString","coordinates":[[14.504913,50.063996],[14.505089,50.064277],[14.507917,50.068105]]}},{"type":"Feature","properties":{"mode":"bus","n":5,"arr":["101","138","175","177","195"],"lines":"101, 138, 175, 177, 195"},"geometry":{"type":"LineString","coordinates":[[14.507164,50.060143],[14.506151,50.060486],[14.505364,50.060637],[14.504068,50.060822],[14.503884,50.060906],[14.503779,50.061024],[14.503744,50.061137],[14.503765,50.061268],[14.50385,50.061562],[14.503967,50.061642],[14.504245,50.062495],[14.504278,50.062797],[14.504512,50.063547],[14.504557,50.063836],[14.504649,50.063999],[14.504659,50.064009],[14.504673,50.064015],[14.504691,50.064016],[14.504749,50.064011]]}},{"type":"Feature","properties":{"mode":"bus","n":5,"arr":["101","138","175","177","195"],"lines":"101, 138, 175, 177, 195"},"geometry":{"type":"LineString","coordinates":[[14.507192,50.060295],[14.506008,50.06068],[14.505475,50.060777],[14.504339,50.060918],[14.50414,50.060974],[14.504001,50.061071],[14.503965,50.061162],[14.50405,50.061463],[14.50405,50.061483],[14.504035,50.061499],[14.504007,50.061509],[14.503845,50.061543]]}},{"type":"Feature","properties":{"mode":"bus","n":6,"arr":["101","135","136","150","213","913"],"lines":"101, 135, 136, 150, 213, 913"},"geometry":{"type":"LineString","coordinates":[[14.471311,50.056995],[14.471189,50.057185],[14.469883,50.060158],[14.469726,50.060642],[14.469633,50.061334],[14.469582,50.061454]]}},{"type":"Feature","properties":{"mode":"bus","n":6,"arr":["101","135","136","150","213","913"],"lines":"101, 135, 136, 150, 213, 913"},"geometry":{"type":"LineString","coordinates":[[14.468937,50.069062],[14.469393,50.068156],[14.469544,50.067613],[14.469552,50.06729],[14.469368,50.06456],[14.469582,50.061454],[14.469538,50.061336],[14.469496,50.061006],[14.469505,50.060775],[14.469672,50.060244],[14.471159,50.056977]]}},{"type":"Feature","properties":{"mode":"bus","n":5,"arr":["135","136","150","213","913"],"lines":"135, 136, 150, 213, 913"},"geometry":{"type":"LineString","coordinates":[[14.470686,50.072052],[14.470683,50.071784],[14.470602,50.071591],[14.470463,50.071383],[14.468756,50.069775],[14.468699,50.069621],[14.468706,50.069527],[14.468937,50.069062]]}},{"type":"Feature","properties":{"mode":"bus","n":5,"arr":["135","136","150","213","913"],"lines":"135, 136, 150, 213, 913"},"geometry":{"type":"LineString","coordinates":[[14.469487,50.066416],[14.469605,50.066785]]}},{"type":"Feature","properties":{"mode":"bus","n":5,"arr":["135","136","150","213","913"],"lines":"135, 136, 150, 213, 913"},"geometry":{"type":"LineString","coordinates":[[14.469656,50.066945],[14.469779,50.067512],[14.46973,50.067935],[14.469657,50.068143],[14.468975,50.069529],[14.468974,50.069657],[14.469013,50.069743],[14.469105,50.069835],[14.470705,50.071328],[14.470797,50.071458],[14.470948,50.071783],[14.470934,50.072093]]}},{"type":"Feature","properties":{"mode":"bus","n":5,"arr":["101","135","136","213","913"],"lines":"101, 135, 136, 213, 913"},"geometry":{"type":"LineString","coordinates":[[14.47136,50.05693],[14.471311,50.056995]]}},{"type":"Feature","properties":{"mode":"bus","n":7,"arr":["101","138","175","177","195","901","906"],"lines":"101, 138, 175, 177, 195, 901, 906"},"geometry":{"type":"LineString","coordinates":[[14.507917,50.068105],[14.50807,50.068333]]}},{"type":"Feature","properties":{"mode":"bus","n":5,"arr":["102","145","152","177","913"],"lines":"102, 145, 152, 177, 913"},"geometry":{"type":"LineString","coordinates":[[14.456936,50.125301],[14.456391,50.125083],[14.455644,50.124826]]}},{"type":"Feature","properties":{"mode":"bus","n":5,"arr":["102","145","152","177","913"],"lines":"102, 145, 152, 177, 913"},"geometry":{"type":"LineString","coordinates":[[14.456726,50.125091],[14.456843,50.125126]]}},{"type":"Feature","properties":{"mode":"bus","n":6,"arr":["102","145","152","177","200","913"],"lines":"102, 145, 152, 177, 200, 913"},"geometry":{"type":"LineString","coordinates":[[14.455644,50.124826],[14.454944,50.124578]]}},{"type":"Feature","properties":{"mode":"bus","n":9,"arr":["102","144","145","152","162","169","177","200","913"],"lines":"102, 144, 145, 152, 162, 169, 177, 200, 913"},"geometry":{"type":"LineString","coordinates":[[14.454944,50.124578],[14.453879,50.124199]]}},{"type":"Feature","properties":{"mode":"bus","n":15,"arr":["102","144","145","152","162","169","177","200","370","371","372","373","374","411","913"],"lines":"102, 144, 145, 152, 162, 169, 177, 200, 370, 371, 372, 373, 374, 411, 913"},"geometry":{"type":"LineString","coordinates":[[14.453879,50.124199],[14.453214,50.12401],[14.452947,50.123971],[14.452767,50.123969]]}},{"type":"Feature","properties":{"mode":"bus","n":5,"arr":["102","144","145","177","200"],"lines":"102, 144, 145, 177, 200"},"geometry":{"type":"LineString","coordinates":[[14.452767,50.123969],[14.452299,50.123977]]}},{"type":"Feature","properties":{"mode":"bus","n":6,"arr":["102","144","145","177","200","905"],"lines":"102, 144, 145, 177, 200, 905"},"geometry":{"type":"LineString","coordinates":[[14.452299,50.123977],[14.451158,50.124006],[14.450925,50.124035],[14.447048,50.125307],[14.446439,50.125488],[14.446128,50.125558],[14.445154,50.12567],[14.441226,50.125869],[14.440404,50.125961],[14.440073,50.126028],[14.439503,50.12619],[14.438464,50.126581],[14.436865,50.127074],[14.436093,50.127279],[14.43569,50.127363],[14.434797,50.127513],[14.43384,50.12761],[14.433351,50.127622],[14.432956,50.127606],[14.432178,50.127528]]}},{"type":"Feature","properties":{"mode":"bus","n":6,"arr":["102","144","145","177","200","905"],"lines":"102, 144, 145, 177, 200, 905"},"geometry":{"type":"LineString","coordinates":[[14.431616,50.127312],[14.432641,50.127464],[14.433608,50.127515],[14.434078,50.127495],[14.434702,50.127429],[14.43569,50.127264],[14.436101,50.127175],[14.437989,50.126627],[14.438387,50.126504],[14.439433,50.126111],[14.439987,50.125948],[14.440341,50.125868],[14.441207,50.125773],[14.445386,50.125565],[14.446288,50.125417],[14.446743,50.125293],[14.450983,50.123915],[14.451365,50.123896]]}},{"type":"Feature","properties":{"mode":"bus","n":5,"arr":["102","144","235","236","905"],"lines":"102, 144, 235, 236, 905"},"geometry":{"type":"LineString","coordinates":[[14.416932,50.125295],[14.416857,50.12537],[14.417105,50.127135]]}},{"type":"Feature","properties":{"mode":"bus","n":5,"arr":["102","144","235","236","905"],"lines":"102, 144, 235, 236, 905"},"geometry":{"type":"LineString","coordinates":[[14.41681,50.127185],[14.416561,50.12538]]}},{"type":"Feature","properties":{"mode":"bus","n":5,"arr":["102","144","235","236","905"],"lines":"102, 144, 235, 236, 905"},"geometry":{"type":"LineString","coordinates":[[14.416688,50.125214],[14.416903,50.125111]]}},{"type":"Feature","properties":{"mode":"bus","n":7,"arr":["102","144","177","202","235","236","905"],"lines":"102, 144, 177, 202, 235, 236, 905"},"geometry":{"type":"LineString","coordinates":[[14.417105,50.127135],[14.417116,50.127203]]}},{"type":"Feature","properties":{"mode":"bus","n":6,"arr":["102","177","202","235","236","905"],"lines":"102, 177, 202, 235, 236, 905"},"geometry":{"type":"LineString","coordinates":[[14.417116,50.127203],[14.417362,50.129225],[14.417627,50.131016]]}},{"type":"Feature","properties":{"mode":"bus","n":6,"arr":["102","177","202","235","236","905"],"lines":"102, 177, 202, 235, 236, 905"},"geometry":{"type":"LineString","coordinates":[[14.417347,50.131063],[14.41681,50.127185]]}},{"type":"Feature","properties":{"mode":"bus","n":6,"arr":["102","177","200","235","236","905"],"lines":"102, 177, 200, 235, 236, 905"},"geometry":{"type":"LineString","coordinates":[[14.417444,50.13119],[14.417184,50.131206]]}},{"type":"Feature","properties":{"mode":"bus","n":7,"arr":["102","144","152","177","200","371","411"],"lines":"102, 144, 152, 177, 200, 371, 411"},"geometry":{"type":"LineString","coordinates":[[14.451916,50.123899],[14.452128,50.123894]]}},{"type":"Feature","properties":{"mode":"bus","n":15,"arr":["102","144","152","162","169","177","200","370","371","372","373","374","411","913","958"],"lines":"102, 144, 152, 162, 169, 177, 200, 370, 371, 372, 373, 374, 411, 913, 958"},"geometry":{"type":"LineString","coordinates":[[14.452128,50.123894],[14.452808,50.123878],[14.453083,50.123907],[14.453389,50.123973]]}},{"type":"Feature","properties":{"mode":"bus","n":8,"arr":["102","144","152","162","169","177","200","913"],"lines":"102, 144, 152, 162, 169, 177, 200, 913"},"geometry":{"type":"LineString","coordinates":[[14.453389,50.123973],[14.453842,50.124097],[14.455873,50.124808]]}},{"type":"Feature","properties":{"mode":"bus","n":6,"arr":["152","166","177","348","368","913"],"lines":"152, 166, 177, 348, 368, 913"},"geometry":{"type":"LineString","coordinates":[[14.469231,50.126282],[14.46968,50.126308]]}},{"type":"Feature","properties":{"mode":"bus","n":7,"arr":["103","152","166","177","348","368","913"],"lines":"103, 152, 166, 177, 348, 368, 913"},"geometry":{"type":"LineString","coordinates":[[14.46968,50.126308],[14.471198,50.126487],[14.472575,50.126708]]}},{"type":"Feature","properties":{"mode":"bus","n":7,"arr":["103","152","166","177","348","368","913"],"lines":"103, 152, 166, 177, 348, 368, 913"},"geometry":{"type":"LineString","coordinates":[[14.472493,50.126857],[14.471149,50.126638],[14.470084,50.126528]]}},{"type":"Feature","properties":{"mode":"bus","n":6,"arr":["103","152","177","348","368","913"],"lines":"103, 152, 177, 348, 368, 913"},"geometry":{"type":"LineString","coordinates":[[14.472575,50.126708],[14.47408,50.12704],[14.480815,50.128723]]}},{"type":"Feature","properties":{"mode":"bus","n":6,"arr":["103","152","177","348","368","913"],"lines":"103, 152, 177, 348, 368, 913"},"geometry":{"type":"LineString","coordinates":[[14.480607,50.129042],[14.476459,50.127803],[14.473563,50.127075],[14.472493,50.126857]]}},{"type":"Feature","properties":{"mode":"bus","n":5,"arr":["103","183","348","368","903"],"lines":"103, 183, 348, 368, 903"},"geometry":{"type":"LineString","coordinates":[[14.481165,50.129148],[14.480833,50.129337],[14.480696,50.129456],[14.480526,50.129664]]}},{"type":"Feature","properties":{"mode":"bus","n":5,"arr":["103","183","348","368","903"],"lines":"103, 183, 348, 368, 903"},"geometry":{"type":"LineString","coordinates":[[14.478206,50.133524],[14.480526,50.129664],[14.480648,50.129299],[14.480607,50.129042]]}},{"type":"Feature","properties":{"mode":"bus","n":5,"arr":["103","202","348","368","903"],"lines":"103, 202, 348, 368, 903"},"geometry":{"type":"LineString","coordinates":[[14.486372,50.148584],[14.486478,50.148261],[14.486488,50.148102],[14.486406,50.147505],[14.48612,50.146897],[14.485578,50.145599]]}},{"type":"Feature","properties":{"mode":"bus","n":7,"arr":["104","120","130","170","258","918","X130"],"lines":"104, 120, 130, 170, 258, 918, X130"},"geometry":{"type":"LineString","coordinates":[[14.376222,50.035537],[14.375794,50.034876],[14.375562,50.03459],[14.375255,50.034301],[14.374921,50.034052],[14.374463,50.033769]]}},{"type":"Feature","properties":{"mode":"bus","n":6,"arr":["104","120","130","170","918","X130"],"lines":"104, 120, 130, 170, 918, X130"},"geometry":{"type":"LineString","coordinates":[[14.374463,50.033769],[14.373654,50.033293],[14.372903,50.032925],[14.372881,50.032909],[14.372876,50.032892],[14.372887,50.032872],[14.373262,50.03248],[14.374176,50.031422]]}},{"type":"Feature","properties":{"mode":"bus","n":6,"arr":["104","120","130","918","962","X130"],"lines":"104, 120, 130, 918, 962, X130"},"geometry":{"type":"LineString","coordinates":[[14.355215,50.024569],[14.355336,50.024485]]}},{"type":"Feature","properties":{"mode":"bus","n":8,"arr":["105","118","124","125","172","196","197","244"],"lines":"105, 118, 124, 125, 172, 196, 197, 244"},"geometry":{"type":"LineString","coordinates":[[14.4095,50.060369],[14.409406,50.06047],[14.4093,50.060518],[14.409137,50.060515],[14.409062,50.060473],[14.409032,50.060447],[14.409023,50.060415],[14.40907,50.059772]]}},{"type":"Feature","properties":{"mode":"bus","n":16,"arr":["105","118","124","125","172","196","197","244","318","334","390","901","907","914","951","XS7"],"lines":"105, 118, 124, 125, 172, 196, 197, 244, 318, 334, 390, 901, 907, 914, 951, XS7"},"geometry":{"type":"LineString","coordinates":[[14.409352,50.060509],[14.40944,50.059933]]}},{"type":"Feature","properties":{"mode":"bus","n":20,"arr":["105","118","124","125","129","172","190","196","197","232","241","244","318","334","390","901","907","914","951","XS7"],"lines":"105, 118, 124, 125, 129, 172, 190, 196, 197, 232, 241, 244, 318, 334, 390, 901, 907, 914, 951, XS7"},"geometry":{"type":"LineString","coordinates":[[14.40944,50.059933],[14.409598,50.059331],[14.409639,50.058924],[14.409516,50.058167],[14.409298,50.057138],[14.409327,50.056803],[14.409102,50.055678],[14.408956,50.054009],[14.409013,50.053251],[14.409251,50.05159],[14.409347,50.05135],[14.409529,50.05112]]}},{"type":"Feature","properties":{"mode":"bus","n":19,"arr":["105","118","124","125","129","172","190","196","197","241","244","318","334","390","901","907","914","951","XS7"],"lines":"105, 118, 124, 125, 129, 172, 190, 196, 197, 241, 244, 318, 334, 390, 901, 907, 914, 951, XS7"},"geometry":{"type":"LineString","coordinates":[[14.409529,50.05112],[14.409611,50.051144]]}},{"type":"Feature","properties":{"mode":"bus","n":13,"arr":["105","125","129","172","190","241","244","318","334","390","907","951","XS7"],"lines":"105, 125, 129, 172, 190, 241, 244, 318, 334, 390, 907, 951, XS7"},"geometry":{"type":"LineString","coordinates":[[14.409611,50.051144],[14.410277,50.050329],[14.410542,50.050074],[14.410491,50.049629],[14.410419,50.049365],[14.410254,50.049082],[14.409754,50.048608],[14.409582,50.048393],[14.409543,50.048183],[14.409594,50.04776],[14.409603,50.047334],[14.409502,50.046326],[14.409237,50.045684],[14.409032,50.045309],[14.408416,50.044453]]}},{"type":"Feature","properties":{"mode":"bus","n":13,"arr":["105","125","129","172","190","241","244","318","334","390","907","951","XS7"],"lines":"105, 125, 129, 172, 190, 241, 244, 318, 334, 390, 907, 951, XS7"},"geometry":{"type":"LineString","coordinates":[[14.408431,50.044262],[14.408694,50.044598],[14.409171,50.045312],[14.409356,50.045663],[14.409704,50.046473],[14.409989,50.046915],[14.410177,50.047477],[14.410531,50.048968],[14.410682,50.04986]]}},{"type":"Feature","properties":{"mode":"bus","n":12,"arr":["105","125","129","172","190","241","244","318","334","390","907","951"],"lines":"105, 125, 129, 172, 190, 241, 244, 318, 334, 390, 907, 951"},"geometry":{"type":"LineString","coordinates":[[14.410682,50.04986],[14.410627,50.04998],[14.410542,50.050074]]}},{"type":"Feature","properties":{"mode":"bus","n":19,"arr":["105","118","124","125","129","172","190","196","197","232","241","244","318","334","390","901","907","914","951"],"lines":"105, 118, 124, 125, 129, 172, 190, 196, 197, 232, 241, 244, 318, 334, 390, 901, 907, 914, 951"},"geometry":{"type":"LineString","coordinates":[[14.409327,50.056803],[14.409686,50.058451],[14.40976,50.058994],[14.409685,50.059457],[14.409545,50.060011],[14.4095,50.060369]]}},{"type":"Feature","properties":{"mode":"bus","n":5,"arr":["106","118","124","170","904"],"lines":"106, 118, 124, 170, 904"},"geometry":{"type":"LineString","coordinates":[[14.438959,50.043242],[14.439553,50.043238],[14.440282,50.043272],[14.441517,50.043388],[14.445989,50.04395],[14.446361,50.044011],[14.446817,50.04412]]}},{"type":"Feature","properties":{"mode":"bus","n":7,"arr":["106","118","124","170","904","905","910"],"lines":"106, 118, 124, 170, 904, 905, 910"},"geometry":{"type":"LineString","coordinates":[[14.446817,50.04412],[14.447367,50.044305],[14.44774,50.044489]]}},{"type":"Feature","properties":{"mode":"bus","n":9,"arr":["106","118","124","170","904","905","910","BB1","BB2"],"lines":"106, 118, 124, 170, 904, 905, 910, BB1, BB2"},"geometry":{"type":"LineString","coordinates":[[14.44774,50.044489],[14.447994,50.044643]]}},{"type":"Feature","properties":{"mode":"bus","n":10,"arr":["106","118","124","170","335","904","905","910","BB1","BB2"],"lines":"106, 118, 124, 170, 335, 904, 905, 910, BB1, BB2"},"geometry":{"type":"LineString","coordinates":[[14.448284,50.044847],[14.447994,50.044643]]}},{"type":"Feature","properties":{"mode":"bus","n":13,"arr":["106","118","124","170","335","362","904","905","910","956","960","BB1","BB2"],"lines":"106, 118, 124, 170, 335, 362, 904, 905, 910, 956, 960, BB1, BB2"},"geometry":{"type":"LineString","coordinates":[[14.44873,50.045141],[14.448284,50.044847]]}},{"type":"Feature","properties":{"mode":"bus","n":10,"arr":["106","118","124","170","905","910","956","960","BB1","BB2"],"lines":"106, 118, 124, 170, 905, 910, 956, 960, BB1, BB2"},"geometry":{"type":"LineString","coordinates":[[14.44873,50.045141],[14.448863,50.045277]]}},{"type":"Feature","properties":{"mode":"bus","n":12,"arr":["106","114","118","124","170","905","910","914","956","960","BB1","BB2"],"lines":"106, 114, 118, 124, 170, 905, 910, 914, 956, 960, BB1, BB2"},"geometry":{"type":"LineString","coordinates":[[14.448863,50.045277],[14.449802,50.046669],[14.449991,50.046872],[14.450237,50.047067],[14.45069,50.047328],[14.451115,50.047471],[14.451592,50.047575],[14.452485,50.04769]]}},{"type":"Feature","properties":{"mode":"bus","n":11,"arr":["106","114","118","124","170","905","910","914","956","960","BB1"],"lines":"106, 114, 118, 124, 170, 905, 910, 914, 956, 960, BB1"},"geometry":{"type":"LineString","coordinates":[[14.452485,50.04769],[14.456378,50.048103]]}},{"type":"Feature","properties":{"mode":"bus","n":10,"arr":["106","114","118","124","170","905","910","914","956","960"],"lines":"106, 114, 118, 124, 170, 905, 910, 914, 956, 960"},"geometry":{"type":"LineString","coordinates":[[14.456378,50.048103],[14.459042,50.048421]]}},{"type":"Feature","properties":{"mode":"bus","n":8,"arr":["106","114","118","170","905","910","956","960"],"lines":"106, 114, 118, 170, 905, 910, 956, 960"},"geometry":{"type":"LineString","coordinates":[[14.459042,50.048421],[14.459489,50.048402],[14.45959,50.048379],[14.459883,50.048222]]}},{"type":"Feature","properties":{"mode":"bus","n":11,"arr":["106","114","118","138","139","150","170","905","910","956","960"],"lines":"106, 114, 118, 138, 139, 150, 170, 905, 910, 956, 960"},"geometry":{"type":"LineString","coordinates":[[14.459883,50.048222],[14.460895,50.045798],[14.461921,50.044318],[14.462179,50.043863]]}},{"type":"Feature","properties":{"mode":"bus","n":8,"arr":["106","114","138","139","150","910","956","960"],"lines":"106, 114, 138, 139, 150, 910, 956, 960"},"geometry":{"type":"LineString","coordinates":[[14.462179,50.043863],[14.462253,50.043625],[14.462264,50.043369],[14.462211,50.043103],[14.462022,50.042751],[14.461765,50.042473],[14.461234,50.042204],[14.460704,50.041819]]}},{"type":"Feature","properties":{"mode":"bus","n":12,"arr":["106","113","114","138","139","150","189","215","333","910","956","960"],"lines":"106, 113, 114, 138, 139, 150, 189, 215, 333, 910, 956, 960"},"geometry":{"type":"LineString","coordinates":[[14.460704,50.041819],[14.460403,50.041608]]}},{"type":"Feature","properties":{"mode":"bus","n":14,"arr":["106","113","114","138","139","150","157","189","196","215","333","910","956","960"],"lines":"106, 113, 114, 138, 139, 150, 157, 189, 196, 215, 333, 910, 956, 960"},"geometry":{"type":"LineString","coordinates":[[14.460403,50.041608],[14.460227,50.04149],[14.460125,50.041341],[14.459824,50.040247],[14.459569,50.039643],[14.459386,50.039369],[14.459031,50.039018],[14.457578,50.037976]]}},{"type":"Feature","properties":{"mode":"bus","n":18,"arr":["106","113","114","138","139","150","157","189","196","215","333","335","362","904","910","913","956","960"],"lines":"106, 113, 114, 138, 139, 150, 157, 189, 196, 215, 333, 335, 362, 904, 910, 913, 956, 960"},"geometry":{"type":"LineString","coordinates":[[14.457578,50.037976],[14.457229,50.037673],[14.456931,50.037366],[14.456443,50.036739],[14.456189,50.0363],[14.456014,50.03591],[14.455677,50.034778]]}},{"type":"Feature","properties":{"mode":"bus","n":18,"arr":["106","113","114","138","139","150","157","189","196","215","333","335","362","904","910","913","956","960"],"lines":"106, 113, 114, 138, 139, 150, 157, 189, 196, 215, 333, 335, 362, 904, 910, 913, 956, 960"},"geometry":{"type":"LineString","coordinates":[[14.455534,50.029157],[14.455243,50.029553],[14.455097,50.029966],[14.455042,50.031385],[14.455137,50.03241],[14.455282,50.033057],[14.455505,50.033739]]}},{"type":"Feature","properties":{"mode":"bus","n":18,"arr":["106","113","114","138","139","150","157","189","196","215","333","335","362","904","910","913","956","960"],"lines":"106, 113, 114, 138, 139, 150, 157, 189, 196, 215, 333, 335, 362, 904, 910, 913, 956, 960"},"geometry":{"type":"LineString","coordinates":[[14.455839,50.034758],[14.455862,50.034942],[14.456105,50.035742],[14.456291,50.036199]]}},{"type":"Feature","properties":{"mode":"bus","n":20,"arr":["106","113","114","117","138","139","150","157","189","196","203","215","333","335","362","904","910","913","956","960"],"lines":"106, 113, 114, 117, 138, 139, 150, 157, 189, 196, 203, 215, 333, 335, 362, 904, 910, 913, 956, 960"},"geometry":{"type":"LineString","coordinates":[[14.455677,50.034778],[14.455168,50.033093],[14.454967,50.032012],[14.454924,50.031387],[14.454986,50.029754]]}},{"type":"Feature","properties":{"mode":"bus","n":20,"arr":["106","113","114","117","138","139","150","157","189","196","203","215","333","335","362","904","910","913","956","960"],"lines":"106, 113, 114, 117, 138, 139, 150, 157, 189, 196, 203, 215, 333, 335, 362, 904, 910, 913, 956, 960"},"geometry":{"type":"LineString","coordinates":[[14.455505,50.033739],[14.455657,50.034093],[14.455839,50.034758]]}},{"type":"Feature","properties":{"mode":"bus","n":14,"arr":["106","113","117","139","150","157","189","196","215","333","904","910","913","960"],"lines":"106, 113, 117, 139, 150, 157, 189, 196, 215, 333, 904, 910, 913, 960"},"geometry":{"type":"LineString","coordinates":[[14.454986,50.029754],[14.454936,50.029483],[14.454729,50.02917]]}},{"type":"Feature","properties":{"mode":"bus","n":14,"arr":["106","113","117","139","150","157","189","196","215","333","904","910","913","960"],"lines":"106, 113, 117, 139, 150, 157, 189, 196, 215, 333, 904, 910, 913, 960"},"geometry":{"type":"LineString","coordinates":[[14.454879,50.028996],[14.455373,50.029139]]}},{"type":"Feature","properties":{"mode":"bus","n":15,"arr":["106","113","117","139","150","157","189","196","215","333","901","904","910","913","960"],"lines":"106, 113, 117, 139, 150, 157, 189, 196, 215, 333, 901, 904, 910, 913, 960"},"geometry":{"type":"LineString","coordinates":[[14.454729,50.02917],[14.454435,50.029003],[14.451407,50.028198],[14.451263,50.028114],[14.451251,50.028106],[14.451246,50.0281],[14.451248,50.028096],[14.451259,50.028095],[14.451277,50.028097],[14.451459,50.028118],[14.4518,50.028199],[14.454491,50.028914],[14.454879,50.028996]]}},{"type":"Feature","properties":{"mode":"bus","n":15,"arr":["106","113","117","139","150","157","189","196","215","333","901","904","910","913","960"],"lines":"106, 113, 117, 139, 150, 157, 189, 196, 215, 333, 901, 904, 910, 913, 960"},"geometry":{"type":"LineString","coordinates":[[14.455373,50.029139],[14.455534,50.029157]]}},{"type":"Feature","properties":{"mode":"bus","n":10,"arr":["106","117","121","139","150","157","196","901","910","913"],"lines":"106, 117, 121, 139, 150, 157, 196, 901, 910, 913"},"geometry":{"type":"LineString","coordinates":[[14.440264,50.023024],[14.440438,50.023202],[14.440579,50.023408],[14.441235,50.023864],[14.445213,50.026182],[14.445688,50.026445],[14.446154,50.026661],[14.446613,50.026832],[14.447815,50.027186],[14.451222,50.02809]]}},{"type":"Feature","properties":{"mode":"bus","n":11,"arr":["106","117","121","139","150","157","196","197","901","910","913"],"lines":"106, 117, 121, 139, 150, 157, 196, 197, 901, 910, 913"},"geometry":{"type":"LineString","coordinates":[[14.440264,50.023024],[14.440141,50.022899]]}},{"type":"Feature","properties":{"mode":"bus","n":17,"arr":["106","113","114","138","139","150","157","189","196","215","333","335","362","904","910","956","960"],"lines":"106, 113, 114, 138, 139, 150, 157, 189, 196, 215, 333, 335, 362, 904, 910, 956, 960"},"geometry":{"type":"LineString","coordinates":[[14.456291,50.036199],[14.45648,50.036543],[14.457104,50.037307],[14.457604,50.037799],[14.458093,50.038205]]}},{"type":"Feature","properties":{"mode":"bus","n":11,"arr":["106","113","114","138","139","150","157","189","196","333","910"],"lines":"106, 113, 114, 138, 139, 150, 157, 189, 196, 333, 910"},"geometry":{"type":"LineString","coordinates":[[14.458093,50.038205],[14.458279,50.038339]]}},{"type":"Feature","properties":{"mode":"bus","n":7,"arr":["106","114","138","139","150","333","910"],"lines":"106, 114, 138, 139, 150, 333, 910"},"geometry":{"type":"LineString","coordinates":[[14.458279,50.038339],[14.459217,50.039022],[14.459518,50.039319],[14.459766,50.039715],[14.460129,50.040708],[14.460286,50.040996],[14.460471,50.041245],[14.460949,50.041683]]}},{"type":"Feature","properties":{"mode":"bus","n":6,"arr":["106","114","138","139","150","910"],"lines":"106, 114, 138, 139, 150, 910"},"geometry":{"type":"LineString","coordinates":[[14.460949,50.041683],[14.461888,50.042422],[14.462214,50.042798],[14.462345,50.043072],[14.462408,50.043351],[14.462402,50.043608],[14.462333,50.043895]]}},{"type":"Feature","properties":{"mode":"bus","n":5,"arr":["106","114","139","150","910"],"lines":"106, 114, 139, 150, 910"},"geometry":{"type":"LineString","coordinates":[[14.462333,50.043895],[14.462241,50.044076],[14.461161,50.045635],[14.460965,50.045964],[14.459914,50.048529]]}},{"type":"Feature","properties":{"mode":"bus","n":7,"arr":["106","114","124","139","150","910","914"],"lines":"106, 114, 124, 139, 150, 910, 914"},"geometry":{"type":"LineString","coordinates":[[14.459914,50.048529],[14.459838,50.04861]]}},{"type":"Feature","properties":{"mode":"bus","n":7,"arr":["106","114","118","138","170","905","910"],"lines":"106, 114, 118, 138, 170, 905, 910"},"geometry":{"type":"LineString","coordinates":[[14.459838,50.04861],[14.459692,50.048593]]}},{"type":"Feature","properties":{"mode":"bus","n":8,"arr":["106","114","118","124","170","905","910","914"],"lines":"106, 114, 118, 124, 170, 905, 910, 914"},"geometry":{"type":"LineString","coordinates":[[14.459692,50.048593],[14.456337,50.048205]]}},{"type":"Feature","properties":{"mode":"bus","n":10,"arr":["106","114","118","124","170","905","910","914","BB1","BB2"],"lines":"106, 114, 118, 124, 170, 905, 910, 914, BB1, BB2"},"geometry":{"type":"LineString","coordinates":[[14.456337,50.048205],[14.451789,50.047695],[14.451281,50.047607],[14.450731,50.047446],[14.45045,50.047321],[14.450186,50.047167],[14.449866,50.046921],[14.449614,50.046632],[14.448747,50.04535]]}},{"type":"Feature","properties":{"mode":"bus","n":15,"arr":["106","114","118","124","170","335","362","904","905","910","914","956","960","BB1","BB2"],"lines":"106, 114, 118, 124, 170, 335, 362, 904, 905, 910, 914, 956, 960, BB1, BB2"},"geometry":{"type":"LineString","coordinates":[[14.448747,50.04535],[14.448608,50.045218]]}},{"type":"Feature","properties":{"mode":"bus","n":12,"arr":["106","118","124","335","362","904","905","910","956","960","BB1","BB2"],"lines":"106, 118, 124, 335, 362, 904, 905, 910, 956, 960, BB1, BB2"},"geometry":{"type":"LineString","coordinates":[[14.448608,50.045218],[14.447732,50.044655]]}},{"type":"Feature","properties":{"mode":"bus","n":6,"arr":["106","118","124","904","905","910"],"lines":"106, 118, 124, 904, 905, 910"},"geometry":{"type":"LineString","coordinates":[[14.447732,50.044655],[14.447192,50.044379],[14.446757,50.044229]]}},{"type":"Feature","properties":{"mode":"bus","n":5,"arr":["106","134","904","905","910"],"lines":"106, 134, 904, 905, 910"},"geometry":{"type":"LineString","coordinates":[[14.435314,50.055888],[14.435219,50.055989]]}},{"type":"Feature","properties":{"mode":"bus","n":6,"arr":["107","108","116","147","160","355"],"lines":"107, 108, 116, 147, 160, 355"},"geometry":{"type":"LineString","coordinates":[[14.394955,50.101471],[14.395198,50.101499]]}},{"type":"Feature","properties":{"mode":"bus","n":6,"arr":["107","108","116","147","160","355"],"lines":"107, 108, 116, 147, 160, 355"},"geometry":{"type":"LineString","coordinates":[[14.39405,50.10087],[14.39397,50.100574]]}},{"type":"Feature","properties":{"mode":"bus","n":11,"arr":["107","116","143","145","147","149","160","180","355","902","909"],"lines":"107, 116, 143, 145, 147, 149, 160, 180, 355, 902, 909"},"geometry":{"type":"LineString","coordinates":[[14.395198,50.101499],[14.395302,50.101506]]}},{"type":"Feature","properties":{"mode":"bus","n":5,"arr":["107","116","147","160","355"],"lines":"107, 116, 147, 160, 355"},"geometry":{"type":"LineString","coordinates":[[14.395302,50.101506],[14.395426,50.101511]]}},{"type":"Feature","properties":{"mode":"bus","n":7,"arr":["107","116","147","160","355","902","909"],"lines":"107, 116, 147, 160, 355, 902, 909"},"geometry":{"type":"LineString","coordinates":[[14.395426,50.101511],[14.395372,50.10177],[14.395382,50.10208],[14.395322,50.102674]]}},{"type":"Feature","properties":{"mode":"bus","n":9,"arr":["107","116","147","160","340","350","355","902","909"],"lines":"107, 116, 147, 160, 340, 350, 355, 902, 909"},"geometry":{"type":"LineString","coordinates":[[14.393823,50.114634],[14.394055,50.114424],[14.394194,50.114249],[14.394251,50.113964],[14.394241,50.113718],[14.394034,50.112953],[14.394024,50.112765],[14.39432,50.110413],[14.394402,50.110141],[14.394816,50.109435],[14.394787,50.109284],[14.394559,50.108696],[14.394546,50.108554],[14.394625,50.108176],[14.395322,50.102674]]}},{"type":"Feature","properties":{"mode":"bus","n":11,"arr":["107","116","147","160","255","340","350","355","902","909","954"],"lines":"107, 116, 147, 160, 255, 340, 350, 355, 902, 909, 954"},"geometry":{"type":"LineString","coordinates":[[14.393787,50.121659],[14.393395,50.121012],[14.392969,50.120135],[14.391912,50.117606],[14.391852,50.117196],[14.391913,50.116848],[14.392079,50.116513],[14.392256,50.116295],[14.392915,50.115718],[14.393152,50.115451],[14.393823,50.114634],[14.39407,50.114126],[14.394111,50.113913],[14.394099,50.113712],[14.393927,50.113086],[14.393882,50.112694],[14.393923,50.112342],[14.393897,50.111821],[14.394092,50.11024],[14.393863,50.109396],[14.393917,50.109231],[14.394262,50.10868]]}},{"type":"Feature","properties":{"mode":"bus","n":10,"arr":["107","116","147","160","340","350","355","902","909","954"],"lines":"107, 116, 147, 160, 340, 350, 355, 902, 909, 954"},"geometry":{"type":"LineString","coordinates":[[14.393787,50.121659],[14.393962,50.121904]]}},{"type":"Feature","properties":{"mode":"bus","n":10,"arr":["107","116","147","160","340","350","355","902","909","954"],"lines":"107, 116, 147, 160, 340, 350, 355, 902, 909, 954"},"geometry":{"type":"LineString","coordinates":[[14.394262,50.10868],[14.394336,50.108474],[14.394436,50.107165],[14.394987,50.102654]]}},{"type":"Feature","properties":{"mode":"bus","n":6,"arr":["107","147","160","359","409","909"],"lines":"107, 147, 160, 359, 409, 909"},"geometry":{"type":"LineString","coordinates":[[14.381677,50.136926],[14.379851,50.13552],[14.376855,50.133126]]}},{"type":"Feature","properties":{"mode":"bus","n":5,"arr":["107","160","359","409","909"],"lines":"107, 160, 359, 409, 909"},"geometry":{"type":"LineString","coordinates":[[14.378737,50.138989],[14.379441,50.139272],[14.379765,50.139378],[14.379788,50.139383],[14.379809,50.139382],[14.379826,50.139375],[14.379839,50.139362],[14.381677,50.136926]]}},{"type":"Feature","properties":{"mode":"bus","n":14,"arr":["107","116","143","145","147","149","160","180","340","350","355","902","909","954"],"lines":"107, 116, 143, 145, 147, 149, 160, 180, 340, 350, 355, 902, 909, 954"},"geometry":{"type":"LineString","coordinates":[[14.394987,50.102654],[14.395064,50.102063],[14.395158,50.101757],[14.395198,50.101499]]}},{"type":"Feature","properties":{"mode":"bus","n":9,"arr":["107","108","116","147","160","340","350","355","954"],"lines":"107, 108, 116, 147, 160, 340, 350, 355, 954"},"geometry":{"type":"LineString","coordinates":[[14.39508,50.100931],[14.395156,50.101002],[14.395213,50.101119],[14.395198,50.101499]]}},{"type":"Feature","properties":{"mode":"bus","n":9,"arr":["107","108","116","147","160","340","350","355","AE"],"lines":"107, 108, 116, 147, 160, 340, 350, 355, AE"},"geometry":{"type":"LineString","coordinates":[[14.39397,50.100574],[14.394617,50.100629],[14.394804,50.100726]]}},{"type":"Feature","properties":{"mode":"bus","n":5,"arr":["107","108","147","160","355"],"lines":"107, 108, 147, 160, 355"},"geometry":{"type":"LineString","coordinates":[[14.394079,50.100914],[14.39405,50.10087]]}},{"type":"Feature","properties":{"mode":"bus","n":5,"arr":["108","168","191","280","910"],"lines":"108, 168, 191, 280, 910"},"geometry":{"type":"LineString","coordinates":[[14.32561,50.088691],[14.327277,50.088592],[14.327504,50.088534],[14.327755,50.088298],[14.327997,50.087916],[14.328126,50.087764],[14.329362,50.087293],[14.329516,50.087202],[14.329547,50.08714],[14.329527,50.087077],[14.329343,50.086846],[14.32926,50.08669],[14.329239,50.086574],[14.32925,50.086441],[14.329317,50.08629],[14.329375,50.086232],[14.329485,50.086189],[14.32981,50.086173],[14.330964,50.08621],[14.332009,50.08617],[14.334289,50.085877],[14.334852,50.08577],[14.337215,50.085163],[14.337952,50.08489]]}},{"type":"Feature","properties":{"mode":"bus","n":6,"arr":["108","164","168","191","280","910"],"lines":"108, 164, 168, 191, 280, 910"},"geometry":{"type":"LineString","coordinates":[[14.337952,50.08489],[14.338123,50.084822]]}},{"type":"Feature","properties":{"mode":"bus","n":7,"arr":["108","164","168","191","260","280","910"],"lines":"108, 164, 168, 191, 260, 280, 910"},"geometry":{"type":"LineString","coordinates":[[14.345288,50.088206],[14.344212,50.087935],[14.34402,50.087912],[14.340884,50.087103],[14.34066,50.087071],[14.340321,50.086976],[14.339875,50.086608],[14.339645,50.086534],[14.339564,50.086485],[14.33922,50.086003],[14.338684,50.085339],[14.338504,50.085271],[14.338336,50.085104],[14.338123,50.084822]]}},{"type":"Feature","properties":{"mode":"bus","n":6,"arr":["108","164","168","191","260","910"],"lines":"108, 164, 168, 191, 260, 910"},"geometry":{"type":"LineString","coordinates":[[14.345288,50.088206],[14.346766,50.08861],[14.346957,50.088632],[14.351511,50.089787]]}},{"type":"Feature","properties":{"mode":"bus","n":6,"arr":["108","143","149","180","216","902"],"lines":"108, 143, 149, 180, 216, 902"},"geometry":{"type":"LineString","coordinates":[[14.389088,50.09343],[14.388351,50.093098],[14.387576,50.092704],[14.387331,50.092551]]}},{"type":"Feature","properties":{"mode":"bus","n":6,"arr":["108","143","149","180","216","902"],"lines":"108, 143, 149, 180, 216, 902"},"geometry":{"type":"LineString","coordinates":[[14.38892,50.093573],[14.387555,50.092948]]}},{"type":"Feature","properties":{"mode":"bus","n":5,"arr":["108","164","168","191","910"],"lines":"108, 164, 168, 191, 910"},"geometry":{"type":"LineString","coordinates":[[14.338504,50.085271],[14.338494,50.085398],[14.339289,50.086446],[14.339287,50.086564],[14.339148,50.086712],[14.339133,50.086835],[14.339203,50.086955],[14.339357,50.087043],[14.339588,50.087072],[14.340263,50.087093],[14.340568,50.087161],[14.340828,50.087247],[14.341028,50.08727],[14.344367,50.088145],[14.348544,50.089184],[14.351426,50.089928]]}},{"type":"Feature","properties":{"mode":"bus","n":5,"arr":["108","164","168","191","910"],"lines":"108, 164, 168, 191, 910"},"geometry":{"type":"LineString","coordinates":[[14.338336,50.085104],[14.337952,50.08489]]}},{"type":"Feature","properties":{"mode":"bus","n":5,"arr":["109","136","903","913","914"],"lines":"109, 136, 903, 913, 914"},"geometry":{"type":"LineString","coordinates":[[14.490774,50.100619],[14.492654,50.099561],[14.493473,50.099068]]}},{"type":"Feature","properties":{"mode":"bus","n":5,"arr":["109","136","903","913","914"],"lines":"109, 136, 903, 913, 914"},"geometry":{"type":"LineString","coordinates":[[14.493577,50.099144],[14.490971,50.100663]]}},{"type":"Feature","properties":{"mode":"bus","n":6,"arr":["109","177","182","183","195","903"],"lines":"109, 177, 182, 183, 195, 903"},"geometry":{"type":"LineString","coordinates":[[14.493473,50.099068],[14.49384,50.098831],[14.495397,50.097279],[14.495683,50.096924],[14.495868,50.096428],[14.495899,50.096166],[14.495881,50.095543],[14.496116,50.094607],[14.496298,50.094208],[14.496707,50.093526],[14.496959,50.093212]]}},{"type":"Feature","properties":{"mode":"bus","n":6,"arr":["109","177","182","183","195","903"],"lines":"109, 177, 182, 183, 195, 903"},"geometry":{"type":"LineString","coordinates":[[14.498058,50.091902],[14.498152,50.091834]]}},{"type":"Feature","properties":{"mode":"bus","n":6,"arr":["109","177","182","183","195","903"],"lines":"109, 177, 182, 183, 195, 903"},"geometry":{"type":"LineString","coordinates":[[14.497127,50.093219],[14.496858,50.09355],[14.496582,50.09398],[14.496258,50.094635],[14.49602,50.095559],[14.496035,50.096177],[14.496011,50.096438],[14.495824,50.096942],[14.495516,50.097314],[14.493956,50.098876]]}},{"type":"Feature","properties":{"mode":"bus","n":6,"arr":["109","177","182","183","195","903"],"lines":"109, 177, 182, 183, 195, 903"},"geometry":{"type":"LineString","coordinates":[[14.512879,50.092341],[14.511567,50.092114],[14.510374,50.091946]]}},{"type":"Feature","properties":{"mode":"bus","n":8,"arr":["109","146","177","182","183","195","903","X98"],"lines":"109, 146, 177, 182, 183, 195, 903, X98"},"geometry":{"type":"LineString","coordinates":[[14.496959,50.093212],[14.497778,50.092245]]}},{"type":"Feature","properties":{"mode":"bus","n":8,"arr":["109","146","177","182","183","195","903","X98"],"lines":"109, 146, 177, 182, 183, 195, 903, X98"},"geometry":{"type":"LineString","coordinates":[[14.497946,50.092201],[14.497127,50.093219]]}},{"type":"Feature","properties":{"mode":"bus","n":8,"arr":["109","146","177","182","183","195","903","X98"],"lines":"109, 146, 177, 182, 183, 195, 903, X98"},"geometry":{"type":"LineString","coordinates":[[14.498283,50.091851],[14.498214,50.091893]]}},{"type":"Feature","properties":{"mode":"bus","n":7,"arr":["109","177","182","183","195","903","X98"],"lines":"109, 177, 182, 183, 195, 903, X98"},"geometry":{"type":"LineString","coordinates":[[14.497778,50.092245],[14.498058,50.091902]]}},{"type":"Feature","properties":{"mode":"bus","n":8,"arr":["109","146","177","182","183","195","903","X146"],"lines":"109, 146, 177, 182, 183, 195, 903, X146"},"geometry":{"type":"LineString","coordinates":[[14.498152,50.091834],[14.498217,50.091797]]}},{"type":"Feature","properties":{"mode":"bus","n":7,"arr":["109","146","177","182","183","195","903"],"lines":"109, 146, 177, 182, 183, 195, 903"},"geometry":{"type":"LineString","coordinates":[[14.498217,50.091797],[14.498305,50.091807],[14.498433,50.091771]]}},{"type":"Feature","properties":{"mode":"bus","n":7,"arr":["109","146","177","182","183","195","903"],"lines":"109, 146, 177, 182, 183, 195, 903"},"geometry":{"type":"LineString","coordinates":[[14.510374,50.091946],[14.509911,50.091852],[14.505373,50.090506],[14.504669,50.090392],[14.504356,50.090375],[14.504018,50.090378],[14.503558,50.090427],[14.501529,50.090742],[14.500743,50.090909],[14.500273,50.091058],[14.500057,50.091163],[14.498433,50.091771],[14.498283,50.091851]]}},{"type":"Feature","properties":{"mode":"bus","n":6,"arr":["109","171","181","182","183","916"],"lines":"109, 171, 181, 182, 183, 916"},"geometry":{"type":"LineString","coordinates":[[14.534818,50.091966],[14.533069,50.09231],[14.531134,50.092651],[14.529355,50.092907]]}},{"type":"Feature","properties":{"mode":"bus","n":6,"arr":["109","206","208","224","259","916"],"lines":"109, 206, 208, 224, 259, 916"},"geometry":{"type":"LineString","coordinates":[[14.563105,50.087594],[14.560495,50.08761],[14.557753,50.087567],[14.557124,50.087597],[14.556558,50.087655],[14.547131,50.089543]]}},{"type":"Feature","properties":{"mode":"bus","n":8,"arr":["109","163","204","206","208","224","909","916"],"lines":"109, 163, 204, 206, 208, 224, 909, 916"},"geometry":{"type":"LineString","coordinates":[[14.577185,50.085351],[14.575541,50.085842]]}},{"type":"Feature","properties":{"mode":"bus","n":6,"arr":["109","163","204","208","224","909"],"lines":"109, 163, 204, 208, 224, 909"},"geometry":{"type":"LineString","coordinates":[[14.577675,50.085206],[14.577185,50.085351]]}},{"type":"Feature","properties":{"mode":"bus","n":6,"arr":["109","163","204","240","250","909"],"lines":"109, 163, 204, 240, 250, 909"},"geometry":{"type":"LineString","coordinates":[[14.595748,50.081437],[14.595741,50.081384],[14.595736,50.081373],[14.595724,50.081367],[14.595706,50.081365],[14.595647,50.081367],[14.593617,50.081443],[14.592652,50.08152],[14.591381,50.081584]]}},{"type":"Feature","properties":{"mode":"bus","n":6,"arr":["109","163","204","240","250","909"],"lines":"109, 163, 204, 240, 250, 909"},"geometry":{"type":"LineString","coordinates":[[14.616371,50.081049],[14.613095,50.081015],[14.612467,50.081058],[14.610933,50.081222],[14.610301,50.081239],[14.609819,50.081226],[14.608328,50.081105],[14.606101,50.080597],[14.605856,50.080565],[14.605562,50.080558],[14.604079,50.080598],[14.596906,50.081363],[14.5957,50.081439],[14.595677,50.081438],[14.595662,50.08143],[14.595655,50.081416],[14.595647,50.081367]]}},{"type":"Feature","properties":{"mode":"bus","n":5,"arr":["109","204","209","221","262"],"lines":"109, 204, 209, 221, 262"},"geometry":{"type":"LineString","coordinates":[[14.616371,50.081049],[14.616419,50.08241],[14.616853,50.086103],[14.616952,50.086494],[14.617121,50.0868]]}},{"type":"Feature","properties":{"mode":"bus","n":9,"arr":["109","146","177","182","183","195","903","X98","X146"],"lines":"109, 146, 177, 182, 183, 195, 903, X98, X146"},"geometry":{"type":"LineString","coordinates":[[14.498214,50.091893],[14.497946,50.092201]]}},{"type":"Feature","properties":{"mode":"bus","n":9,"arr":["110","159","182","185","209","302","375","376","378"],"lines":"110, 159, 182, 185, 209, 302, 375, 376, 378"},"geometry":{"type":"LineString","coordinates":[[14.520209,50.119695],[14.516907,50.122775],[14.51678,50.122925],[14.516673,50.123102],[14.516506,50.123505],[14.516515,50.124006],[14.516604,50.125049]]}},{"type":"Feature","properties":{"mode":"bus","n":5,"arr":["110","141","206","259","X90"],"lines":"110, 141, 206, 259, X90"},"geometry":{"type":"LineString","coordinates":[[14.537344,50.106112],[14.536794,50.106069],[14.536421,50.106013],[14.534994,50.105688]]}},{"type":"Feature","properties":{"mode":"bus","n":7,"arr":["111","125","181","182","183","329","908"],"lines":"111, 125, 181, 182, 183, 329, 908"},"geometry":{"type":"LineString","coordinates":[[14.536074,50.058427],[14.536284,50.061944]]}},{"type":"Feature","properties":{"mode":"bus","n":9,"arr":["111","204","229","252","329","364","366","903","908"],"lines":"111, 204, 229, 252, 329, 364, 366, 903, 908"},"geometry":{"type":"LineString","coordinates":[[14.563443,50.055049],[14.563081,50.055322],[14.562748,50.055645],[14.561985,50.056754],[14.561694,50.05707],[14.559609,50.05876],[14.559228,50.059037]]}},{"type":"Feature","properties":{"mode":"bus","n":5,"arr":["111","228","240","329","908"],"lines":"111, 228, 240, 329, 908"},"geometry":{"type":"LineString","coordinates":[[14.579865,50.055799],[14.579888,50.055988],[14.57995,50.056092],[14.580034,50.05616],[14.58135,50.056511],[14.581973,50.056808],[14.58291,50.057143],[14.583862,50.057573],[14.584982,50.058184],[14.585289,50.058389],[14.58558,50.05864],[14.585886,50.059202],[14.586028,50.059363],[14.588496,50.060962],[14.588904,50.061258],[14.590649,50.062601],[14.590943,50.062859],[14.5914,50.063343]]}},{"type":"Feature","properties":{"mode":"bus","n":5,"arr":["111","209","240","329","908"],"lines":"111, 209, 240, 329, 908"},"geometry":{"type":"LineString","coordinates":[[14.628654,50.062351],[14.629057,50.06252],[14.633201,50.063639],[14.633543,50.063689],[14.633859,50.063711],[14.634238,50.063667],[14.63467,50.063568],[14.636381,50.06302],[14.636543,50.062999],[14.636751,50.063048],[14.637073,50.063308],[14.637157,50.063461],[14.637208,50.063613],[14.637297,50.06419],[14.637415,50.064403],[14.637653,50.064534],[14.638323,50.064769],[14.638667,50.064927],[14.63882,50.065046],[14.638914,50.065169],[14.639259,50.065848],[14.63933,50.065928],[14.639411,50.065967]]}},{"type":"Feature","properties":{"mode":"bus","n":6,"arr":["112","156","187","201","234","*888"],"lines":"112, 156, 187, 201, 234, *888"},"geometry":{"type":"LineString","coordinates":[[14.441002,50.108524],[14.441066,50.108224],[14.44106,50.108103]]}},{"type":"Feature","properties":{"mode":"bus","n":6,"arr":["112","156","187","201","234","*888"],"lines":"112, 156, 187, 201, 234, *888"},"geometry":{"type":"LineString","coordinates":[[14.439768,50.108664],[14.439815,50.108237],[14.439812,50.108215],[14.439798,50.108196],[14.439772,50.108181],[14.439668,50.108137]]}},{"type":"Feature","properties":{"mode":"bus","n":6,"arr":["112","156","201","234","*888","X94"],"lines":"112, 156, 201, 234, *888, X94"},"geometry":{"type":"LineString","coordinates":[[14.439668,50.108137],[14.44106,50.108103]]}},{"type":"Feature","properties":{"mode":"bus","n":6,"arr":["113","189","215","333","904","960"],"lines":"113, 189, 215, 333, 904, 960"},"geometry":{"type":"LineString","coordinates":[[14.451222,50.02809],[14.451307,50.027966],[14.451321,50.027848],[14.4515,50.021143],[14.451551,50.020866],[14.451733,50.020412],[14.452127,50.019819],[14.454559,50.016454]]}},{"type":"Feature","properties":{"mode":"bus","n":7,"arr":["113","154","274","333","362","913","960"],"lines":"113, 154, 274, 333, 362, 913, 960"},"geometry":{"type":"LineString","coordinates":[[14.463592,50.006355],[14.463401,50.006846],[14.463217,50.007594],[14.462162,50.008933]]}},{"type":"Feature","properties":{"mode":"bus","n":9,"arr":["113","154","197","274","333","362","904","913","960"],"lines":"113, 154, 197, 274, 333, 362, 904, 913, 960"},"geometry":{"type":"LineString","coordinates":[[14.463592,50.006355],[14.463648,50.006225]]}},{"type":"Feature","properties":{"mode":"bus","n":7,"arr":["113","197","333","362","904","913","960"],"lines":"113, 197, 333, 362, 904, 913, 960"},"geometry":{"type":"LineString","coordinates":[[14.463648,50.006225],[14.464039,50.005269],[14.464954,50.003705],[14.465418,50.002979],[14.46628,50.001743],[14.46656,50.001006]]}},{"type":"Feature","properties":{"mode":"bus","n":5,"arr":["113","333","362","913","960"],"lines":"113, 333, 362, 913, 960"},"geometry":{"type":"LineString","coordinates":[[14.46648,49.98414],[14.466624,49.984521],[14.466763,49.984717],[14.467578,49.985536],[14.467851,49.985674],[14.469193,49.986033],[14.469777,49.986243],[14.470121,49.986452],[14.470623,49.986855],[14.470776,49.987064],[14.470788,49.987215],[14.47077,49.987368],[14.470653,49.987715],[14.470518,49.987941],[14.469974,49.988599],[14.469753,49.988937],[14.469715,49.989165],[14.469745,49.99003],[14.469707,49.990181],[14.469639,49.990287],[14.469532,49.99038],[14.468793,49.990853],[14.468681,49.991002],[14.468266,49.992479],[14.468124,49.992865],[14.467682,49.993569],[14.467624,49.993732],[14.46763,49.997871],[14.467187,49.999184],[14.467151,49.999345],[14.467159,49.999547]]}},{"type":"Feature","properties":{"mode":"bus","n":10,"arr":["113","157","189","196","215","335","362","904","956","960"],"lines":"113, 157, 189, 196, 215, 335, 362, 904, 956, 960"},"geometry":{"type":"LineString","coordinates":[[14.458093,50.038205],[14.457959,50.038398],[14.45767,50.038592],[14.457562,50.038741],[14.457557,50.038777],[14.457835,50.039246]]}},{"type":"Feature","properties":{"mode":"bus","n":12,"arr":["113","117","157","189","196","203","215","335","362","904","956","960"],"lines":"113, 117, 157, 189, 196, 203, 215, 335, 362, 904, 956, 960"},"geometry":{"type":"LineString","coordinates":[[14.457835,50.039246],[14.458853,50.040976]]}},{"type":"Feature","properties":{"mode":"bus","n":5,"arr":["113","157","189","196","215"],"lines":"113, 157, 189, 196, 215"},"geometry":{"type":"LineString","coordinates":[[14.458853,50.040976],[14.459121,50.041241],[14.459337,50.041601],[14.459402,50.041664],[14.459502,50.041711],[14.459988,50.041814],[14.460316,50.042045]]}},{"type":"Feature","properties":{"mode":"bus","n":5,"arr":["114","121","134","170","914"],"lines":"114, 121, 134, 170, 914"},"geometry":{"type":"LineString","coordinates":[[14.438261,50.040522],[14.438636,50.040563],[14.439833,50.040792],[14.440193,50.04081],[14.448233,50.04235],[14.448998,50.042718],[14.449735,50.043175]]}},{"type":"Feature","properties":{"mode":"bus","n":5,"arr":["114","117","134","203","914"],"lines":"114, 117, 134, 203, 914"},"geometry":{"type":"LineString","coordinates":[[14.450024,50.043244],[14.450905,50.043842]]}},{"type":"Feature","properties":{"mode":"bus","n":8,"arr":["114","134","335","362","904","914","956","960"],"lines":"114, 134, 335, 362, 904, 914, 956, 960"},"geometry":{"type":"LineString","coordinates":[[14.45094,50.043951],[14.448863,50.045277]]}},{"type":"Feature","properties":{"mode":"bus","n":6,"arr":["114","138","203","335","362","956"],"lines":"114, 138, 203, 335, 362, 956"},"geometry":{"type":"LineString","coordinates":[[14.454986,50.029754],[14.455216,50.029314],[14.455639,50.028851]]}},{"type":"Feature","properties":{"mode":"bus","n":7,"arr":["114","138","203","335","362","901","956"],"lines":"114, 138, 203, 335, 362, 901, 956"},"geometry":{"type":"LineString","coordinates":[[14.455639,50.028851],[14.45709,50.027952],[14.457611,50.027575]]}},{"type":"Feature","properties":{"mode":"bus","n":7,"arr":["114","138","203","335","362","901","956"],"lines":"114, 138, 203, 335, 362, 901, 956"},"geometry":{"type":"LineString","coordinates":[[14.467836,50.017689],[14.467617,50.017952],[14.467452,50.018092],[14.463726,50.020558],[14.461935,50.021789],[14.46174,50.02201],[14.458913,50.026102],[14.45862,50.026471],[14.457611,50.027575],[14.457481,50.027764]]}},{"type":"Feature","properties":{"mode":"bus","n":6,"arr":["114","203","335","362","901","956"],"lines":"114, 203, 335, 362, 901, 956"},"geometry":{"type":"LineString","coordinates":[[14.476171,50.011936],[14.474999,50.012686],[14.470428,50.01545],[14.468672,50.016553],[14.468488,50.016728],[14.468322,50.016937],[14.467836,50.017689]]}},{"type":"Feature","properties":{"mode":"bus","n":6,"arr":["114","138","335","362","901","956"],"lines":"114, 138, 335, 362, 901, 956"},"geometry":{"type":"LineString","coordinates":[[14.457481,50.027764],[14.457132,50.028026],[14.456124,50.028665],[14.455817,50.028894],[14.455534,50.029157]]}},{"type":"Feature","properties":{"mode":"bus","n":6,"arr":["114","134","170","905","910","914"],"lines":"114, 134, 170, 905, 910, 914"},"geometry":{"type":"LineString","coordinates":[[14.44873,50.045141],[14.448608,50.045218]]}},{"type":"Feature","properties":{"mode":"bus","n":7,"arr":["114","134","170","335","362","904","914"],"lines":"114, 134, 170, 335, 362, 904, 914"},"geometry":{"type":"LineString","coordinates":[[14.450766,50.043879],[14.4506,50.043958],[14.44873,50.045141]]}},{"type":"Feature","properties":{"mode":"bus","n":6,"arr":["114","117","134","170","203","914"],"lines":"114, 117, 134, 170, 203, 914"},"geometry":{"type":"LineString","coordinates":[[14.449735,50.043175],[14.450766,50.043879]]}},{"type":"Feature","properties":{"mode":"bus","n":5,"arr":["115","126","135","177","197"],"lines":"115, 126, 135, 177, 197"},"geometry":{"type":"LineString","coordinates":[[14.491423,50.031085],[14.490951,50.031395],[14.489452,50.032139]]}},{"type":"Feature","properties":{"mode":"bus","n":5,"arr":["115","126","135","177","197"],"lines":"115, 126, 135, 177, 197"},"geometry":{"type":"LineString","coordinates":[[14.48852,50.032219],[14.488904,50.032232],[14.489048,50.032202],[14.489179,50.032146],[14.491003,50.031239],[14.491217,50.03109],[14.491472,50.030864]]}},{"type":"Feature","properties":{"mode":"bus","n":7,"arr":["115","135","136","170","213","905","913"],"lines":"115, 135, 136, 170, 213, 905, 913"},"geometry":{"type":"LineString","coordinates":[[14.489259,50.040983],[14.490388,50.041846],[14.490492,50.042029]]}},{"type":"Feature","properties":{"mode":"bus","n":7,"arr":["115","125","136","170","203","213","905"],"lines":"115, 125, 136, 170, 203, 213, 905"},"geometry":{"type":"LineString","coordinates":[[14.489162,50.040891],[14.489619,50.040657],[14.489863,50.040461],[14.49066,50.039326],[14.491016,50.038901],[14.491629,50.038407],[14.492416,50.037885]]}},{"type":"Feature","properties":{"mode":"bus","n":5,"arr":["116","160","255","355","902"],"lines":"116, 160, 255, 355, 902"},"geometry":{"type":"LineString","coordinates":[[14.389291,50.123321],[14.389772,50.1231],[14.390167,50.123015],[14.391047,50.12292],[14.391328,50.122859],[14.391958,50.12267],[14.392488,50.122481],[14.392703,50.12239],[14.393022,50.122165],[14.393209,50.121969],[14.393242,50.121867],[14.393296,50.121825],[14.393787,50.121659]]}},{"type":"Feature","properties":{"mode":"bus","n":9,"arr":["116","161","255","263","312","316","356","907","955"],"lines":"116, 161, 255, 263, 312, 316, 356, 907, 955"},"geometry":{"type":"LineString","coordinates":[[14.35485,50.105486],[14.353967,50.105592],[14.353744,50.105667],[14.353513,50.10582],[14.353283,50.106205],[14.353237,50.106408],[14.353277,50.10675],[14.353499,50.107418]]}},{"type":"Feature","properties":{"mode":"bus","n":9,"arr":["116","161","216","263","312","316","356","907","955"],"lines":"116, 161, 216, 263, 312, 316, 356, 907, 955"},"geometry":{"type":"LineString","coordinates":[[14.364016,50.09949],[14.364933,50.098952]]}},{"type":"Feature","properties":{"mode":"bus","n":5,"arr":["117","203","335","362","904"],"lines":"117, 203, 335, 362, 904"},"geometry":{"type":"LineString","coordinates":[[14.451615,50.043472],[14.45148,50.043513],[14.451041,50.043789],[14.450766,50.043879]]}},{"type":"Feature","properties":{"mode":"bus","n":7,"arr":["117","203","335","362","904","956","960"],"lines":"117, 203, 335, 362, 904, 956, 960"},"geometry":{"type":"LineString","coordinates":[[14.458853,50.040976],[14.459574,50.042252],[14.459519,50.042418],[14.459328,50.042524],[14.452738,50.042997],[14.452285,50.04311],[14.45201,50.04322],[14.451615,50.043472]]}},{"type":"Feature","properties":{"mode":"bus","n":5,"arr":["139","150","157","197","910"],"lines":"139, 150, 157, 197, 910"},"geometry":{"type":"LineString","coordinates":[[14.437662,50.020088],[14.436604,50.018879],[14.4362,50.018482],[14.436188,50.018473],[14.436175,50.018469],[14.43616,50.01847],[14.436144,50.018475],[14.436116,50.018487],[14.436094,50.018493],[14.436074,50.018492],[14.436055,50.018482],[14.435698,50.018218],[14.435288,50.017968],[14.434806,50.017745],[14.434237,50.017541],[14.434138,50.017465]]}},{"type":"Feature","properties":{"mode":"bus","n":6,"arr":["117","139","150","157","197","910"],"lines":"117, 139, 150, 157, 197, 910"},"geometry":{"type":"LineString","coordinates":[[14.434117,50.017405],[14.434138,50.017465]]}},{"type":"Feature","properties":{"mode":"bus","n":5,"arr":["117","139","246","341","917"],"lines":"117, 139, 246, 341, 917"},"geometry":{"type":"LineString","coordinates":[[14.40444,50.004498],[14.403588,50.00442]]}},{"type":"Feature","properties":{"mode":"bus","n":5,"arr":["117","139","246","341","917"],"lines":"117, 139, 246, 341, 917"},"geometry":{"type":"LineString","coordinates":[[14.404581,50.005002],[14.404759,50.004556],[14.404762,50.00454],[14.404756,50.004529],[14.404741,50.004521],[14.404717,50.004517],[14.404496,50.004502],[14.404464,50.004504],[14.404441,50.004514],[14.404429,50.004533],[14.404398,50.004635]]}},{"type":"Feature","properties":{"mode":"bus","n":6,"arr":["117","150","157","190","274","910"],"lines":"117, 150, 157, 190, 274, 910"},"geometry":{"type":"LineString","coordinates":[[14.416801,50.004917],[14.417163,50.004056],[14.417165,50.004043],[14.417159,50.004032],[14.417144,50.004022],[14.417093,50.003998]]}},{"type":"Feature","properties":{"mode":"bus","n":7,"arr":["117","150","157","190","246","274","910"],"lines":"117, 150, 157, 190, 246, 274, 910"},"geometry":{"type":"LineString","coordinates":[[14.416746,50.005026],[14.416801,50.004917]]}},{"type":"Feature","properties":{"mode":"bus","n":6,"arr":["117","150","157","190","246","910"],"lines":"117, 150, 157, 190, 246, 910"},"geometry":{"type":"LineString","coordinates":[[14.4164,50.005849],[14.416746,50.005026]]}},{"type":"Feature","properties":{"mode":"bus","n":6,"arr":["117","139","246","341","917","XS8P"],"lines":"117, 139, 246, 341, 917, XS8P"},"geometry":{"type":"LineString","coordinates":[[14.406184,49.999668],[14.405671,50.000605],[14.405424,50.001211],[14.405411,50.001432],[14.40547,50.001977],[14.405353,50.00215]]}},{"type":"Feature","properties":{"mode":"bus","n":5,"arr":["117","139","246","917","XS8P"],"lines":"117, 139, 246, 917, XS8P"},"geometry":{"type":"LineString","coordinates":[[14.410944,49.991271],[14.410703,49.991975],[14.410569,49.992114],[14.410389,49.992547],[14.410171,49.992806],[14.409977,49.992943],[14.409584,49.993174],[14.409289,49.993285],[14.40732,49.99374],[14.407124,49.993822],[14.406927,49.993956],[14.406448,49.994352],[14.406057,49.995187],[14.405907,49.995675],[14.405973,49.99614],[14.406435,49.9978],[14.406453,49.998274],[14.406411,49.998847],[14.406349,49.999199],[14.406184,49.999668]]}},{"type":"Feature","properties":{"mode":"bus","n":5,"arr":["117","139","246","917","XS8P"],"lines":"117, 139, 246, 917, XS8P"},"geometry":{"type":"LineString","coordinates":[[14.40974,49.990274],[14.410576,49.991547],[14.410614,49.991695],[14.410603,49.991939]]}},{"type":"Feature","properties":{"mode":"bus","n":5,"arr":["117","150","157","190","910"],"lines":"117, 150, 157, 190, 910"},"geometry":{"type":"LineString","coordinates":[[14.417276,50.0038],[14.417172,50.004035]]}},{"type":"Feature","properties":{"mode":"bus","n":5,"arr":["118","135","138","170","905"],"lines":"118, 135, 138, 170, 905"},"geometry":{"type":"LineString","coordinates":[[14.483728,50.046239],[14.485322,50.046723]]}},{"type":"Feature","properties":{"mode":"bus","n":7,"arr":["118","135","136","170","213","905","913"],"lines":"118, 135, 136, 170, 213, 905, 913"},"geometry":{"type":"LineString","coordinates":[[14.480696,50.048829],[14.483061,50.046735],[14.483876,50.046133]]}},{"type":"Feature","properties":{"mode":"bus","n":6,"arr":["118","124","196","197","901","914"],"lines":"118, 124, 196, 197, 901, 914"},"geometry":{"type":"LineString","coordinates":[[14.413984,50.046912],[14.414406,50.04764],[14.414507,50.047915],[14.414719,50.0483],[14.415672,50.04997],[14.415656,50.050123],[14.415618,50.050185],[14.415589,50.050212],[14.415544,50.050225],[14.415197,50.050273],[14.409679,50.050242]]}},{"type":"Feature","properties":{"mode":"bus","n":6,"arr":["118","124","196","197","901","914"],"lines":"118, 124, 196, 197, 901, 914"},"geometry":{"type":"LineString","coordinates":[[14.415598,50.050218],[14.414414,50.048043],[14.414139,50.04764],[14.41374,50.046873]]}},{"type":"Feature","properties":{"mode":"bus","n":7,"arr":["118","124","196","197","232","901","914"],"lines":"118, 124, 196, 197, 232, 901, 914"},"geometry":{"type":"LineString","coordinates":[[14.409679,50.050242],[14.409616,50.05043],[14.409389,50.050778],[14.409343,50.050942],[14.409367,50.051024],[14.409387,50.051055],[14.409425,50.051078],[14.409529,50.05112]]}},{"type":"Feature","properties":{"mode":"bus","n":8,"arr":["120","244","245","246","248","309","313","951"],"lines":"120, 244, 245, 246, 248, 309, 313, 951"},"geometry":{"type":"LineString","coordinates":[[14.35869,49.983131],[14.359012,49.983051],[14.359317,49.983055],[14.359747,49.983144],[14.360571,49.983417],[14.360795,49.983434],[14.361045,49.983375],[14.361526,49.983216],[14.361937,49.983181]]}},{"type":"Feature","properties":{"mode":"bus","n":11,"arr":["120","244","245","246","248","261","269","309","313","951","XS7"],"lines":"120, 244, 245, 246, 248, 261, 269, 309, 313, 951, XS7"},"geometry":{"type":"LineString","coordinates":[[14.361937,49.983181],[14.362059,49.983386],[14.361963,49.983833],[14.362029,49.98391],[14.362179,49.984011]]}},{"type":"Feature","properties":{"mode":"bus","n":5,"arr":["120","245","248","309","313"],"lines":"120, 245, 248, 309, 313"},"geometry":{"type":"LineString","coordinates":[[14.362179,49.984011],[14.362306,49.98398],[14.36242,49.983989],[14.363141,49.984213],[14.363182,49.98428],[14.363195,49.984452]]}},{"type":"Feature","properties":{"mode":"bus","n":6,"arr":["120","123","167","191","231","232"],"lines":"120, 123, 167, 191, 231, 232"},"geometry":{"type":"LineString","coordinates":[[14.40344,50.069015],[14.403597,50.068538]]}},{"type":"Feature","properties":{"mode":"bus","n":6,"arr":["121","139","150","157","197","910"],"lines":"121, 139, 150, 157, 197, 910"},"geometry":{"type":"LineString","coordinates":[[14.440141,50.022899],[14.437662,50.020088]]}},{"type":"Feature","properties":{"mode":"bus","n":7,"arr":["136","154","177","213","326","901","906"],"lines":"136, 154, 177, 213, 326, 901, 906"},"geometry":{"type":"LineString","coordinates":[[14.507717,50.02765],[14.50775,50.02753]]}},{"type":"Feature","properties":{"mode":"bus","n":7,"arr":["136","154","177","213","326","901","906"],"lines":"136, 154, 177, 213, 326, 901, 906"},"geometry":{"type":"LineString","coordinates":[[14.508272,50.027597],[14.50808,50.028238]]}},{"type":"Feature","properties":{"mode":"bus","n":14,"arr":["122","136","154","177","213","326","327","328","331","357","363","397","901","906"],"lines":"122, 136, 154, 177, 213, 326, 327, 328, 331, 357, 363, 397, 901, 906"},"geometry":{"type":"LineString","coordinates":[[14.50775,50.02753],[14.507811,50.027342],[14.508052,50.026887],[14.508656,50.024635],[14.508741,50.023976]]}},{"type":"Feature","properties":{"mode":"bus","n":14,"arr":["122","136","154","177","213","326","327","328","331","357","363","397","901","906"],"lines":"122, 136, 154, 177, 213, 326, 327, 328, 331, 357, 363, 397, 901, 906"},"geometry":{"type":"LineString","coordinates":[[14.508957,50.024397],[14.508711,50.025504],[14.508336,50.026759],[14.508339,50.027295],[14.508272,50.027597]]}},{"type":"Feature","properties":{"mode":"bus","n":15,"arr":["122","136","154","177","213","326","327","328","331","357","363","397","901","906","911"],"lines":"122, 136, 154, 177, 213, 326, 327, 328, 331, 357, 363, 397, 901, 906, 911"},"geometry":{"type":"LineString","coordinates":[[14.508741,50.023976],[14.508739,50.023892]]}},{"type":"Feature","properties":{"mode":"bus","n":7,"arr":["122","136","213","328","363","397","906"],"lines":"122, 136, 213, 328, 363, 397, 906"},"geometry":{"type":"LineString","coordinates":[[14.508739,50.023892],[14.508837,50.02391],[14.508949,50.023871]]}},{"type":"Feature","properties":{"mode":"bus","n":5,"arr":["122","136","213","363","906"],"lines":"122, 136, 213, 363, 906"},"geometry":{"type":"LineString","coordinates":[[14.508949,50.023871],[14.509761,50.02389]]}},{"type":"Feature","properties":{"mode":"bus","n":5,"arr":["122","136","213","363","906"],"lines":"122, 136, 213, 363, 906"},"geometry":{"type":"LineString","coordinates":[[14.509857,50.024009],[14.509508,50.024022],[14.509252,50.024085],[14.50903,50.024246],[14.508957,50.024397]]}},{"type":"Feature","properties":{"mode":"bus","n":6,"arr":["122","136","213","363","906","911"],"lines":"122, 136, 213, 363, 906, 911"},"geometry":{"type":"LineString","coordinates":[[14.509761,50.02389],[14.510436,50.023988],[14.510898,50.024096],[14.512939,50.024803],[14.513374,50.02493],[14.513957,50.025055],[14.51457,50.025145]]}},{"type":"Feature","properties":{"mode":"bus","n":6,"arr":["122","136","213","363","906","911"],"lines":"122, 136, 213, 363, 906, 911"},"geometry":{"type":"LineString","coordinates":[[14.509857,50.024009],[14.510412,50.024093],[14.510977,50.024232],[14.512892,50.02491],[14.513327,50.02503],[14.513834,50.025143],[14.514537,50.025247]]}},{"type":"Feature","properties":{"mode":"bus","n":6,"arr":["123","167","191","901","904","908"],"lines":"123, 167, 191, 901, 904, 908"},"geometry":{"type":"LineString","coordinates":[[14.402248,50.071833],[14.400891,50.071756]]}},{"type":"Feature","properties":{"mode":"bus","n":5,"arr":["123","167","191","904","908"],"lines":"123, 167, 191, 904, 908"},"geometry":{"type":"LineString","coordinates":[[14.402653,50.071859],[14.402248,50.071833]]}},{"type":"Feature","properties":{"mode":"bus","n":5,"arr":["123","167","253","265","908"],"lines":"123, 167, 253, 265, 908"},"geometry":{"type":"LineString","coordinates":[[14.36922,50.070112],[14.369422,50.070129]]}},{"type":"Feature","properties":{"mode":"bus","n":8,"arr":["124","139","150","155","199","213","268","X15"],"lines":"124, 139, 150, 155, 199, 213, 268, X15"},"geometry":{"type":"LineString","coordinates":[[14.473635,50.078523],[14.474116,50.078477]]}},{"type":"Feature","properties":{"mode":"bus","n":7,"arr":["124","139","150","199","213","268","X15"],"lines":"124, 139, 150, 199, 213, 268, X15"},"geometry":{"type":"LineString","coordinates":[[14.473142,50.078508],[14.473635,50.078523]]}},{"type":"Feature","properties":{"mode":"bus","n":6,"arr":["124","139","150","213","268","X15"],"lines":"124, 139, 150, 213, 268, X15"},"geometry":{"type":"LineString","coordinates":[[14.473142,50.078508],[14.472922,50.078497]]}},{"type":"Feature","properties":{"mode":"bus","n":5,"arr":["124","139","150","155","213"],"lines":"124, 139, 150, 155, 213"},"geometry":{"type":"LineString","coordinates":[[14.469773,50.076259],[14.473146,50.077599],[14.473231,50.077687],[14.47326,50.077811],[14.473191,50.078357]]}},{"type":"Feature","properties":{"mode":"bus","n":5,"arr":["124","139","150","155","213"],"lines":"124, 139, 150, 155, 213"},"geometry":{"type":"LineString","coordinates":[[14.473438,50.078803],[14.473931,50.078746]]}},{"type":"Feature","properties":{"mode":"bus","n":8,"arr":["124","136","139","150","175","213","913","914"],"lines":"124, 136, 139, 150, 175, 213, 913, 914"},"geometry":{"type":"LineString","coordinates":[[14.470248,50.073485],[14.469556,50.073453],[14.468077,50.074027],[14.467952,50.074088],[14.467895,50.074144]]}},{"type":"Feature","properties":{"mode":"bus","n":7,"arr":["124","136","139","150","213","913","914"],"lines":"124, 136, 139, 150, 213, 913, 914"},"geometry":{"type":"LineString","coordinates":[[14.470096,50.073478],[14.470686,50.072052]]}},{"type":"Feature","properties":{"mode":"bus","n":7,"arr":["124","136","139","150","213","913","914"],"lines":"124, 136, 139, 150, 213, 913, 914"},"geometry":{"type":"LineString","coordinates":[[14.470934,50.072093],[14.470883,50.072236],[14.470489,50.072914],[14.470248,50.073485]]}},{"type":"Feature","properties":{"mode":"bus","n":6,"arr":["124","139","150","155","213","X15"],"lines":"124, 139, 150, 155, 213, X15"},"geometry":{"type":"LineString","coordinates":[[14.473191,50.078357],[14.473142,50.078508]]}},{"type":"Feature","properties":{"mode":"bus","n":7,"arr":["124","139","150","155","199","213","X15"],"lines":"124, 139, 150, 155, 199, 213, X15"},"geometry":{"type":"LineString","coordinates":[[14.473142,50.078508],[14.473066,50.078702],[14.473064,50.078723],[14.473078,50.078737],[14.473106,50.078746],[14.473438,50.078803]]}},{"type":"Feature","properties":{"mode":"bus","n":12,"arr":["125","129","172","190","241","244","318","334","390","907","951","XS7"],"lines":"125, 129, 172, 190, 241, 244, 318, 334, 390, 907, 951, XS7"},"geometry":{"type":"LineString","coordinates":[[14.408416,50.044453],[14.40662,50.042278]]}},{"type":"Feature","properties":{"mode":"bus","n":5,"arr":["125","135","203","911","913"],"lines":"125, 135, 203, 911, 913"},"geometry":{"type":"LineString","coordinates":[[14.481674,50.039718],[14.482578,50.040418],[14.482866,50.040561],[14.483324,50.040648],[14.485375,50.040889]]}},{"type":"Feature","properties":{"mode":"bus","n":5,"arr":["125","135","203","213","913"],"lines":"125, 135, 203, 213, 913"},"geometry":{"type":"LineString","coordinates":[[14.486553,50.041041],[14.486753,50.041066]]}},{"type":"Feature","properties":{"mode":"bus","n":8,"arr":["125","135","136","170","203","213","905","913"],"lines":"125, 135, 136, 170, 203, 213, 905, 913"},"geometry":{"type":"LineString","coordinates":[[14.486753,50.041066],[14.487667,50.041156],[14.488291,50.041134],[14.488814,50.041025],[14.489162,50.040891]]}},{"type":"Feature","properties":{"mode":"bus","n":5,"arr":["125","136","203","213","905"],"lines":"125, 136, 203, 213, 905"},"geometry":{"type":"LineString","coordinates":[[14.492416,50.037885],[14.496864,50.034993]]}},{"type":"Feature","properties":{"mode":"bus","n":5,"arr":["125","136","203","213","905"],"lines":"125, 136, 203, 213, 905"},"geometry":{"type":"LineString","coordinates":[[14.497316,50.034837],[14.494673,50.036529],[14.492533,50.03794]]}},{"type":"Feature","properties":{"mode":"bus","n":6,"arr":["125","136","203","213","326","905"],"lines":"125, 136, 203, 213, 326, 905"},"geometry":{"type":"LineString","coordinates":[[14.496864,50.034993],[14.49845,50.033967],[14.49942,50.033436],[14.500521,50.032947],[14.501781,50.032506]]}},{"type":"Feature","properties":{"mode":"bus","n":6,"arr":["125","136","203","213","326","905"],"lines":"125, 136, 203, 213, 326, 905"},"geometry":{"type":"LineString","coordinates":[[14.501844,50.03259],[14.500623,50.033023],[14.499401,50.033572],[14.498616,50.034007],[14.497316,50.034837]]}},{"type":"Feature","properties":{"mode":"bus","n":6,"arr":["125","136","213","326","901","906"],"lines":"125, 136, 213, 326, 901, 906"},"geometry":{"type":"LineString","coordinates":[[14.501781,50.032506],[14.503712,50.031949],[14.505861,50.031408],[14.506129,50.031282],[14.506335,50.031065]]}},{"type":"Feature","properties":{"mode":"bus","n":6,"arr":["125","136","213","326","901","906"],"lines":"125, 136, 213, 326, 901, 906"},"geometry":{"type":"LineString","coordinates":[[14.50663,50.031538],[14.506171,50.031475],[14.505937,50.031498],[14.503562,50.032133],[14.503108,50.032233],[14.501844,50.03259]]}},{"type":"Feature","properties":{"mode":"bus","n":12,"arr":["125","126","136","154","170","213","226","227","240","905","911","959"],"lines":"125, 126, 136, 154, 170, 213, 226, 227, 240, 905, 911, 959"},"geometry":{"type":"LineString","coordinates":[[14.529503,50.030686],[14.528192,50.030521],[14.52773,50.0304],[14.52741,50.030277]]}},{"type":"Feature","properties":{"mode":"bus","n":10,"arr":["125","154","175","183","226","227","240","270","911","959"],"lines":"125, 154, 175, 183, 226, 227, 240, 270, 911, 959"},"geometry":{"type":"LineString","coordinates":[[14.551161,50.031254],[14.551689,50.03128],[14.552275,50.031343],[14.552958,50.03147],[14.558694,50.032994]]}},{"type":"Feature","properties":{"mode":"bus","n":12,"arr":["125","154","175","183","226","227","240","252","254","270","911","959"],"lines":"125, 154, 175, 183, 226, 227, 240, 252, 254, 270, 911, 959"},"geometry":{"type":"LineString","coordinates":[[14.558694,50.032994],[14.563003,50.034142]]}},{"type":"Feature","properties":{"mode":"bus","n":6,"arr":["125","240","252","254","270","911"],"lines":"125, 240, 252, 254, 270, 911"},"geometry":{"type":"LineString","coordinates":[[14.563003,50.034142],[14.562844,50.034694]]}},{"type":"Feature","properties":{"mode":"bus","n":7,"arr":["125","204","240","252","254","270","911"],"lines":"125, 204, 240, 252, 254, 270, 911"},"geometry":{"type":"LineString","coordinates":[[14.562844,50.034694],[14.561511,50.039176],[14.561401,50.03935],[14.561218,50.039547],[14.561007,50.03971],[14.560718,50.039843],[14.560432,50.039919],[14.558468,50.040109],[14.557951,50.040124],[14.554025,50.040101],[14.553368,50.040134],[14.552796,50.040265],[14.552362,50.040474],[14.552051,50.040741],[14.551855,50.041023],[14.551791,50.041208],[14.551777,50.04141],[14.551857,50.041789],[14.552126,50.042139],[14.552335,50.042292],[14.552613,50.042442],[14.553048,50.042591],[14.55335,50.042656],[14.556059,50.043024],[14.556546,50.043112],[14.556789,50.043166],[14.557228,50.043368],[14.557601,50.043704],[14.557704,50.043873],[14.557935,50.044337],[14.55799,50.044514],[14.557996,50.044839]]}},{"type":"Feature","properties":{"mode":"bus","n":8,"arr":["125","175","204","240","252","254","270","911"],"lines":"125, 175, 204, 240, 252, 254, 270, 911"},"geometry":{"type":"LineString","coordinates":[[14.557673,50.045521],[14.557896,50.045209],[14.557996,50.044839]]}},{"type":"Feature","properties":{"mode":"bus","n":7,"arr":["125","175","204","240","252","254","911"],"lines":"125, 175, 204, 240, 252, 254, 911"},"geometry":{"type":"LineString","coordinates":[[14.555264,50.047739],[14.555368,50.047702],[14.555544,50.047525],[14.556048,50.046774],[14.556432,50.046382],[14.557308,50.045846],[14.557673,50.045521]]}},{"type":"Feature","properties":{"mode":"bus","n":6,"arr":["125","154","175","183","254","911"],"lines":"125, 154, 175, 183, 254, 911"},"geometry":{"type":"LineString","coordinates":[[14.543123,50.048691],[14.545038,50.047939],[14.545863,50.047569],[14.547417,50.046955],[14.547779,50.046832],[14.548216,50.046718],[14.548637,50.046644],[14.549094,50.046593],[14.549826,50.046579],[14.550202,50.046608],[14.551201,50.046782],[14.553552,50.047403],[14.555024,50.047821],[14.555121,50.047906]]}},{"type":"Feature","properties":{"mode":"bus","n":11,"arr":["125","126","154","170","175","183","226","227","240","905","959"],"lines":"125, 126, 154, 170, 175, 183, 226, 227, 240, 905, 959"},"geometry":{"type":"LineString","coordinates":[[14.527281,50.03046],[14.527646,50.030495]]}},{"type":"Feature","properties":{"mode":"bus","n":12,"arr":["125","126","154","170","175","183","203","226","227","240","905","959"],"lines":"125, 126, 154, 170, 175, 183, 203, 226, 227, 240, 905, 959"},"geometry":{"type":"LineString","coordinates":[[14.527281,50.03046],[14.526925,50.030422]]}},{"type":"Feature","properties":{"mode":"bus","n":9,"arr":["125","126","154","170","203","226","227","240","905"],"lines":"125, 126, 154, 170, 203, 226, 227, 240, 905"},"geometry":{"type":"LineString","coordinates":[[14.525526,50.030278],[14.52537,50.030264]]}},{"type":"Feature","properties":{"mode":"bus","n":7,"arr":["125","126","154","170","203","905","959"],"lines":"125, 126, 154, 170, 203, 905, 959"},"geometry":{"type":"LineString","coordinates":[[14.524928,50.03024],[14.52503,50.030234]]}},{"type":"Feature","properties":{"mode":"bus","n":6,"arr":["125","136","170","203","213","905"],"lines":"125, 136, 170, 203, 213, 905"},"geometry":{"type":"LineString","coordinates":[[14.492533,50.03794],[14.491711,50.038504],[14.491172,50.038968],[14.490716,50.039487],[14.490321,50.040088],[14.490021,50.040461],[14.489691,50.040737],[14.489259,50.040983]]}},{"type":"Feature","properties":{"mode":"bus","n":8,"arr":["126","170","177","181","182","256","901","906"],"lines":"126, 170, 177, 181, 182, 256, 901, 906"},"geometry":{"type":"LineString","coordinates":[[14.508021,50.034077],[14.508178,50.035367],[14.508417,50.036244],[14.508699,50.036913],[14.508866,50.037226],[14.509531,50.038252],[14.51064,50.039892],[14.510757,50.040017]]}},{"type":"Feature","properties":{"mode":"bus","n":5,"arr":["126","228","272","325","906"],"lines":"126, 228, 272, 325, 906"},"geometry":{"type":"LineString","coordinates":[[14.593675,50.026777],[14.593674,50.026939],[14.593222,50.028435],[14.593228,50.028513],[14.593284,50.028591],[14.59424,50.029305],[14.594934,50.029737],[14.597249,50.030841],[14.598724,50.031594]]}},{"type":"Feature","properties":{"mode":"bus","n":12,"arr":["126","209","226","227","228","229","272","325","364","366","903","959"],"lines":"126, 209, 226, 227, 228, 229, 272, 325, 364, 366, 903, 959"},"geometry":{"type":"LineString","coordinates":[[14.598724,50.031594],[14.593221,50.03551]]}},{"type":"Feature","properties":{"mode":"bus","n":7,"arr":["126","209","226","227","228","272","325"],"lines":"126, 209, 226, 227, 228, 272, 325"},"geometry":{"type":"LineString","coordinates":[[14.593221,50.03551],[14.591654,50.034585],[14.591402,50.034414],[14.591391,50.034338],[14.591458,50.034273],[14.592259,50.033826]]}},{"type":"Feature","properties":{"mode":"bus","n":6,"arr":["126","209","226","227","228","325"],"lines":"126, 209, 226, 227, 228, 325"},"geometry":{"type":"LineString","coordinates":[[14.592486,50.033634],[14.592662,50.033507],[14.593436,50.033078],[14.593813,50.032925],[14.593844,50.032917],[14.593875,50.032917],[14.593906,50.032926],[14.59573,50.033726]]}},{"type":"Feature","properties":{"mode":"bus","n":10,"arr":["129","172","241","244","318","334","390","907","951","XS7"],"lines":"129, 172, 241, 244, 318, 334, 390, 907, 951, XS7"},"geometry":{"type":"LineString","coordinates":[[14.40662,50.042278],[14.406193,50.041846],[14.406037,50.041572],[14.405927,50.041283],[14.405503,50.039723],[14.405343,50.03933],[14.405093,50.038843],[14.404624,50.038097],[14.402641,50.03513],[14.40137,50.033588],[14.39575,50.027014],[14.395125,50.026053],[14.394771,50.025296],[14.394574,50.024774],[14.394358,50.02393],[14.394216,50.023165],[14.394108,50.022105],[14.394022,50.01868]]}},{"type":"Feature","properties":{"mode":"bus","n":10,"arr":["129","172","241","244","318","334","390","907","951","XS7"],"lines":"129, 172, 241, 244, 318, 334, 390, 907, 951, XS7"},"geometry":{"type":"LineString","coordinates":[[14.394422,50.023611],[14.394633,50.024503],[14.394941,50.025371],[14.395181,50.025873],[14.395528,50.026451],[14.395941,50.02703],[14.396337,50.027502],[14.401522,50.033562],[14.402777,50.035079],[14.404371,50.037482],[14.404756,50.037993],[14.405428,50.03905],[14.405959,50.039768],[14.406738,50.040692],[14.40821,50.043651],[14.408431,50.044262]]}},{"type":"Feature","properties":{"mode":"bus","n":6,"arr":["129","241","318","334","390","907"],"lines":"129, 241, 318, 334, 390, 907"},"geometry":{"type":"LineString","coordinates":[[14.394022,50.01868],[14.393955,50.014811],[14.393995,50.013618]]}},{"type":"Feature","properties":{"mode":"bus","n":6,"arr":["129","241","318","334","390","907"],"lines":"129, 241, 318, 334, 390, 907"},"geometry":{"type":"LineString","coordinates":[[14.394299,50.011651],[14.394599,50.00958],[14.394908,50.004297],[14.394974,50.003574],[14.395109,50.002677],[14.395337,50.001587],[14.395551,50.000748],[14.396902,49.995786],[14.397058,49.995298],[14.397236,49.994908]]}},{"type":"Feature","properties":{"mode":"bus","n":6,"arr":["129","241","318","334","390","907"],"lines":"129, 241, 318, 334, 390, 907"},"geometry":{"type":"LineString","coordinates":[[14.39739,49.994918],[14.397209,49.995307],[14.397047,49.995764],[14.395582,50.001131],[14.395327,50.00225],[14.395107,50.003842],[14.394751,50.009579],[14.394157,50.013429],[14.394084,50.014272],[14.394195,50.021044],[14.39426,50.022448],[14.394422,50.023611]]}},{"type":"Feature","properties":{"mode":"bus","n":8,"arr":["129","241","246","247","318","334","390","907"],"lines":"129, 241, 246, 247, 318, 334, 390, 907"},"geometry":{"type":"LineString","coordinates":[[14.397236,49.994908],[14.397531,49.994422],[14.39863,49.992823],[14.398899,49.992219],[14.398983,49.991927],[14.399033,49.991577],[14.399019,49.990703],[14.39894,49.990184],[14.39881,49.989664],[14.398634,49.989154],[14.39841,49.988657],[14.397875,49.987756]]}},{"type":"Feature","properties":{"mode":"bus","n":8,"arr":["129","241","246","247","318","334","390","907"],"lines":"129, 241, 246, 247, 318, 334, 390, 907"},"geometry":{"type":"LineString","coordinates":[[14.393467,49.986094],[14.393165,49.985871],[14.392991,49.985679],[14.392877,49.985493],[14.39279,49.985264],[14.39276,49.985082],[14.392807,49.984696],[14.392866,49.984548],[14.393012,49.984338],[14.393145,49.984201],[14.393315,49.98408],[14.393508,49.983977],[14.393807,49.983868],[14.394296,49.983779]]}},{"type":"Feature","properties":{"mode":"bus","n":9,"arr":["129","139","241","242","247","261","318","907","917"],"lines":"129, 139, 241, 242, 247, 261, 318, 907, 917"},"geometry":{"type":"LineString","coordinates":[[14.393411,49.97606],[14.393033,49.975604],[14.393032,49.975033],[14.393113,49.973595],[14.393053,49.973358],[14.392822,49.973012],[14.392211,49.972334],[14.392,49.972177],[14.391781,49.972074],[14.391129,49.971939],[14.390489,49.97159],[14.390065,49.971435],[14.389835,49.971268],[14.389617,49.970906],[14.389516,49.97046],[14.389435,49.970257],[14.388969,49.969547],[14.388708,49.969234],[14.388298,49.968867],[14.386367,49.967311]]}},{"type":"Feature","properties":{"mode":"bus","n":5,"arr":["129","242","247","318","907"],"lines":"129, 242, 247, 318, 907"},"geometry":{"type":"LineString","coordinates":[[14.386367,49.967311],[14.38308,49.964684],[14.382785,49.964332],[14.382593,49.964025],[14.381637,49.962334],[14.38157,49.962141],[14.381597,49.96183],[14.382791,49.959046]]}},{"type":"Feature","properties":{"mode":"bus","n":9,"arr":["129","241","246","247","261","318","334","390","907"],"lines":"129, 241, 246, 247, 261, 318, 334, 390, 907"},"geometry":{"type":"LineString","coordinates":[[14.396018,49.984223],[14.396374,49.984432],[14.396801,49.984768],[14.397167,49.985125],[14.397325,49.985351],[14.397416,49.985572],[14.39748,49.985873],[14.397602,49.986093],[14.397677,49.986442],[14.397672,49.986701],[14.397978,49.987409],[14.398383,49.988182],[14.398503,49.988548],[14.398836,49.989284],[14.399026,49.989907],[14.399148,49.990541],[14.39919,49.991018],[14.399188,49.99149],[14.399111,49.991966],[14.398961,49.992445],[14.398671,49.993005],[14.3977,49.994398],[14.39739,49.994918]]}},{"type":"Feature","properties":{"mode":"bus","n":11,"arr":["129","190","232","241","318","334","390","901","907","914","951"],"lines":"129, 190, 232, 241, 318, 334, 390, 901, 907, 914, 951"},"geometry":{"type":"LineString","coordinates":[[14.4095,50.060369],[14.409328,50.061843]]}},{"type":"Feature","properties":{"mode":"bus","n":5,"arr":["130","225","246","418","904"],"lines":"130, 225, 246, 418, 904"},"geometry":{"type":"LineString","coordinates":[[14.307719,50.046539],[14.307841,50.045987],[14.307969,50.045738],[14.307977,50.045284]]}},{"type":"Feature","properties":{"mode":"bus","n":5,"arr":["130","225","246","418","904"],"lines":"130, 225, 246, 418, 904"},"geometry":{"type":"LineString","coordinates":[[14.3084,50.045386],[14.308237,50.045573],[14.308075,50.045855],[14.307941,50.046212],[14.30787,50.046553]]}},{"type":"Feature","properties":{"mode":"bus","n":7,"arr":["130","174","246","266","301","352","902"],"lines":"130, 174, 246, 266, 301, 352, 902"},"geometry":{"type":"LineString","coordinates":[[14.313991,50.034654],[14.313487,50.034442],[14.312772,50.033955],[14.312076,50.033671],[14.311978,50.033607],[14.311949,50.033578],[14.311941,50.033545],[14.311962,50.033111],[14.312039,50.032839],[14.312088,50.032462],[14.312068,50.032367]]}},{"type":"Feature","properties":{"mode":"bus","n":5,"arr":["130","246","266","301","352"],"lines":"130, 246, 266, 301, 352"},"geometry":{"type":"LineString","coordinates":[[14.312068,50.032367],[14.311097,50.032036],[14.310717,50.031932],[14.308308,50.031555],[14.306482,50.031142],[14.305447,50.030721],[14.303907,50.029738],[14.298698,50.026286],[14.298432,50.026077]]}},{"type":"Feature","properties":{"mode":"bus","n":6,"arr":["130","246","266","301","352","962"],"lines":"130, 246, 266, 301, 352, 962"},"geometry":{"type":"LineString","coordinates":[[14.298432,50.026077],[14.298187,50.025783],[14.298083,50.025564],[14.297803,50.024103]]}},{"type":"Feature","properties":{"mode":"bus","n":6,"arr":["130","174","246","301","352","902"],"lines":"130, 174, 246, 301, 352, 902"},"geometry":{"type":"LineString","coordinates":[[14.312039,50.032839],[14.312424,50.03249],[14.312434,50.032477],[14.312435,50.032465],[14.312424,50.032456],[14.312404,50.032448],[14.312068,50.032367]]}},{"type":"Feature","properties":{"mode":"bus","n":6,"arr":["133","135","175","207","908","909"],"lines":"133, 135, 175, 207, 908, 909"},"geometry":{"type":"LineString","coordinates":[[14.439056,50.090361],[14.439495,50.089975],[14.439519,50.08996],[14.439548,50.089954],[14.439581,50.089958],[14.442737,50.090659],[14.442761,50.090662],[14.442779,50.090659],[14.442792,50.09065],[14.442799,50.090636],[14.442815,50.09057],[14.442923,50.09041],[14.443226,50.089788],[14.443354,50.089432],[14.443356,50.089168],[14.443151,50.088656],[14.44312,50.088496],[14.443137,50.08819],[14.44329,50.087276]]}},{"type":"Feature","properties":{"mode":"bus","n":5,"arr":["133","175","207","908","909"],"lines":"133, 175, 207, 908, 909"},"geometry":{"type":"LineString","coordinates":[[14.438436,50.090867],[14.439056,50.090361]]}},{"type":"Feature","properties":{"mode":"bus","n":5,"arr":["133","175","207","908","909"],"lines":"133, 175, 207, 908, 909"},"geometry":{"type":"LineString","coordinates":[[14.44329,50.087276],[14.44564,50.086779],[14.445894,50.086745],[14.44684,50.086765],[14.448815,50.086731],[14.449683,50.086845],[14.452576,50.087358],[14.453299,50.087362],[14.455046,50.087325],[14.455271,50.087357]]}},{"type":"Feature","properties":{"mode":"bus","n":7,"arr":["133","136","207","908","909","913","914"],"lines":"133, 136, 207, 908, 909, 913, 914"},"geometry":{"type":"LineString","coordinates":[[14.455271,50.087357],[14.457568,50.088085],[14.459125,50.088483],[14.463442,50.089327],[14.466443,50.09003],[14.46778,50.090302]]}},{"type":"Feature","properties":{"mode":"bus","n":5,"arr":["133","188","199","908","909"],"lines":"133, 188, 199, 908, 909"},"geometry":{"type":"LineString","coordinates":[[14.507716,50.083033],[14.500818,50.081975],[14.498796,50.081683],[14.49656,50.081369],[14.494149,50.081074],[14.494018,50.081053],[14.493989,50.081044],[14.493973,50.081029],[14.49397,50.081008],[14.493982,50.080946],[14.493979,50.080925],[14.493963,50.080912],[14.493933,50.080904],[14.488104,50.080323],[14.48775,50.080271],[14.487616,50.080259],[14.487591,50.080259],[14.487572,50.080264],[14.48756,50.080274],[14.487553,50.08029],[14.487395,50.081096]]}},{"type":"Feature","properties":{"mode":"bus","n":6,"arr":["133","155","177","195","199","903"],"lines":"133, 155, 177, 195, 199, 903"},"geometry":{"type":"LineString","coordinates":[[14.507716,50.083033],[14.509059,50.083229]]}},{"type":"Feature","properties":{"mode":"bus","n":5,"arr":["133","207","908","909","X98"],"lines":"133, 207, 908, 909, X98"},"geometry":{"type":"LineString","coordinates":[[14.468068,50.090281],[14.468064,50.090294]]}},{"type":"Feature","properties":{"mode":"bus","n":8,"arr":["133","136","207","908","909","913","914","X98"],"lines":"133, 136, 207, 908, 909, 913, 914, X98"},"geometry":{"type":"LineString","coordinates":[[14.46778,50.090302],[14.468032,50.090403]]}},{"type":"Feature","properties":{"mode":"bus","n":8,"arr":["134","335","362","904","905","910","956","960"],"lines":"134, 335, 362, 904, 905, 910, 956, 960"},"geometry":{"type":"LineString","coordinates":[[14.448863,50.045277],[14.448747,50.04535]]}},{"type":"Feature","properties":{"mode":"bus","n":6,"arr":["135","136","170","213","905","913"],"lines":"135, 136, 170, 213, 905, 913"},"geometry":{"type":"LineString","coordinates":[[14.483876,50.046133],[14.486172,50.044572],[14.486792,50.044042],[14.487177,50.043654],[14.487802,50.042926],[14.488066,50.042566],[14.488148,50.042319],[14.488082,50.042082],[14.487929,50.041932],[14.487792,50.041847],[14.487213,50.041547],[14.487088,50.041428],[14.486943,50.041193]]}},{"type":"Feature","properties":{"mode":"bus","n":6,"arr":["135","136","170","213","905","913"],"lines":"135, 136, 170, 213, 905, 913"},"geometry":{"type":"LineString","coordinates":[[14.490492,50.042029],[14.490479,50.042214],[14.489939,50.043805],[14.489758,50.044184],[14.489396,50.044672],[14.489004,50.04507],[14.488704,50.045321],[14.488436,50.045528],[14.487893,50.045856],[14.487245,50.046176],[14.485898,50.046712]]}},{"type":"Feature","properties":{"mode":"bus","n":7,"arr":["135","136","138","170","213","905","913"],"lines":"135, 136, 138, 170, 213, 905, 913"},"geometry":{"type":"LineString","coordinates":[[14.485671,50.046805],[14.485898,50.046712]]}},{"type":"Feature","properties":{"mode":"bus","n":5,"arr":["135","136","138","213","913"],"lines":"135, 136, 138, 213, 913"},"geometry":{"type":"LineString","coordinates":[[14.483102,50.050373],[14.482815,50.050258],[14.482502,50.050078],[14.482322,50.049939],[14.482188,50.049773],[14.482091,50.049494],[14.482094,50.049281],[14.48219,50.048978],[14.48231,50.048771],[14.482604,50.048483],[14.482939,50.048213],[14.483469,50.047839],[14.483904,50.047574],[14.484396,50.047317],[14.485671,50.046805]]}},{"type":"Feature","properties":{"mode":"bus","n":11,"arr":["136","151","152","177","182","183","195","375","911","913","914"],"lines":"136, 151, 152, 177, 182, 183, 195, 375, 911, 913, 914"},"geometry":{"type":"LineString","coordinates":[[14.499057,50.11838],[14.498957,50.118456]]}},{"type":"Feature","properties":{"mode":"bus","n":10,"arr":["136","151","152","177","182","183","195","375","913","914"],"lines":"136, 151, 152, 177, 182, 183, 195, 375, 913, 914"},"geometry":{"type":"LineString","coordinates":[[14.500563,50.117168],[14.5002,50.117509],[14.499057,50.11838]]}},{"type":"Feature","properties":{"mode":"bus","n":10,"arr":["136","151","152","177","182","183","195","375","913","914"],"lines":"136, 151, 152, 177, 182, 183, 195, 375, 913, 914"},"geometry":{"type":"LineString","coordinates":[[14.499174,50.118439],[14.500202,50.117642],[14.500441,50.117376],[14.500658,50.116989],[14.500734,50.116751],[14.500749,50.116353],[14.500682,50.116085]]}},{"type":"Feature","properties":{"mode":"bus","n":10,"arr":["136","151","152","177","182","183","195","375","913","914"],"lines":"136, 151, 152, 177, 182, 183, 195, 375, 913, 914"},"geometry":{"type":"LineString","coordinates":[[14.502508,50.112674],[14.502514,50.111169]]}},{"type":"Feature","properties":{"mode":"bus","n":10,"arr":["136","151","152","177","182","183","195","375","913","914"],"lines":"136, 151, 152, 177, 182, 183, 195, 375, 913, 914"},"geometry":{"type":"LineString","coordinates":[[14.501825,50.109082],[14.501811,50.108702],[14.501854,50.108379],[14.502473,50.106491]]}},{"type":"Feature","properties":{"mode":"bus","n":10,"arr":["136","151","152","177","182","183","195","375","913","914"],"lines":"136, 151, 152, 177, 182, 183, 195, 375, 913, 914"},"geometry":{"type":"LineString","coordinates":[[14.502514,50.111169],[14.50243,50.111087],[14.501855,50.110011],[14.501782,50.109343],[14.501819,50.109118],[14.501821,50.109108],[14.501823,50.109102],[14.501826,50.1091],[14.501829,50.109102],[14.501832,50.109108],[14.501835,50.109117],[14.501888,50.109307],[14.501888,50.109592],[14.501954,50.109942],[14.502509,50.110937],[14.50257,50.111093],[14.502514,50.111169]]}},{"type":"Feature","properties":{"mode":"bus","n":9,"arr":["136","152","177","182","183","195","375","913","914"],"lines":"136, 152, 177, 182, 183, 195, 375, 913, 914"},"geometry":{"type":"LineString","coordinates":[[14.500682,50.116085],[14.500527,50.11584],[14.500244,50.115624],[14.500117,50.115573],[14.499662,50.115469],[14.499101,50.115404],[14.498673,50.115381],[14.496052,50.115304],[14.495663,50.115243],[14.495437,50.115179],[14.495091,50.115029],[14.49494,50.114926],[14.494798,50.114806],[14.494619,50.114559],[14.494542,50.114311],[14.494539,50.114171],[14.49466,50.11381],[14.494856,50.113591],[14.495149,50.113399],[14.495324,50.113323],[14.49566,50.113212],[14.495943,50.113156],[14.49646,50.113107],[14.496738,50.1131],[14.497217,50.113129],[14.500894,50.113489],[14.501304,50.113494],[14.501443,50.113475],[14.501792,50.113387],[14.502136,50.113216],[14.502399,50.112956],[14.502508,50.112674]]}},{"type":"Feature","properties":{"mode":"bus","n":9,"arr":["136","152","177","182","183","195","375","913","914"],"lines":"136, 152, 177, 182, 183, 195, 375, 913, 914"},"geometry":{"type":"LineString","coordinates":[[14.502473,50.106491],[14.50264,50.105681]]}},{"type":"Feature","properties":{"mode":"bus","n":7,"arr":["136","177","182","183","195","913","914"],"lines":"136, 177, 182, 183, 195, 913, 914"},"geometry":{"type":"LineString","coordinates":[[14.50264,50.105681],[14.50291,50.104199],[14.503259,50.101984],[14.503219,50.101861],[14.502832,50.101285],[14.50242,50.100791],[14.50188,50.100424],[14.501076,50.100142],[14.500469,50.100034],[14.493577,50.099144],[14.493473,50.099068]]}},{"type":"Feature","properties":{"mode":"bus","n":5,"arr":["136","175","913","914","X15"],"lines":"136, 175, 913, 914, X15"},"geometry":{"type":"LineString","coordinates":[[14.455378,50.084945],[14.455772,50.084757],[14.457054,50.084215],[14.457624,50.083919],[14.45828,50.083417],[14.459424,50.082259],[14.459499,50.082139],[14.460298,50.079678],[14.460406,50.079558],[14.46095,50.077934],[14.460951,50.077921],[14.460946,50.077912],[14.460934,50.077904],[14.460915,50.0779],[14.460834,50.077889]]}},{"type":"Feature","properties":{"mode":"bus","n":9,"arr":["136","154","177","181","182","213","326","901","906"],"lines":"136, 154, 177, 181, 182, 213, 326, 901, 906"},"geometry":{"type":"LineString","coordinates":[[14.506665,50.030758],[14.506921,50.030629],[14.507088,50.03041],[14.507217,50.029833],[14.507556,50.028699],[14.50759,50.028107],[14.507717,50.02765]]}},{"type":"Feature","properties":{"mode":"bus","n":9,"arr":["136","154","177","181","182","213","326","901","906"],"lines":"136, 154, 177, 181, 182, 213, 326, 901, 906"},"geometry":{"type":"LineString","coordinates":[[14.50808,50.028238],[14.507837,50.028676],[14.507355,50.030507],[14.507361,50.03065],[14.507452,50.030787]]}},{"type":"Feature","properties":{"mode":"bus","n":5,"arr":["136","195","913","914","X90"],"lines":"136, 195, 913, 914, X90"},"geometry":{"type":"LineString","coordinates":[[14.503268,50.101792],[14.503169,50.101785]]}},{"type":"Feature","properties":{"mode":"bus","n":5,"arr":["139","246","341","917","XS8P"],"lines":"139, 246, 341, 917, XS8P"},"geometry":{"type":"LineString","coordinates":[[14.405353,50.00215],[14.404675,50.002643],[14.404231,50.002995],[14.404087,50.003148],[14.403929,50.003455],[14.403588,50.00442]]}},{"type":"Feature","properties":{"mode":"bus","n":8,"arr":["141","186","201","206","259","912","953","X90"],"lines":"141, 186, 201, 206, 259, 912, 953, X90"},"geometry":{"type":"LineString","coordinates":[[14.55711,50.106009],[14.55684,50.106004],[14.55616,50.106047],[14.55594,50.106082],[14.555644,50.106164],[14.555357,50.106285]]}},{"type":"Feature","properties":{"mode":"bus","n":5,"arr":["141","181","206","259","912"],"lines":"141, 181, 206, 259, 912"},"geometry":{"type":"LineString","coordinates":[[14.556695,50.102797],[14.55711,50.106009]]}},{"type":"Feature","properties":{"mode":"bus","n":5,"arr":["141","181","206","259","912"],"lines":"141, 181, 206, 259, 912"},"geometry":{"type":"LineString","coordinates":[[14.556877,50.103066],[14.557276,50.106018]]}},{"type":"Feature","properties":{"mode":"bus","n":6,"arr":["141","171","181","206","224","912"],"lines":"141, 171, 181, 206, 224, 912"},"geometry":{"type":"LineString","coordinates":[[14.556695,50.102797],[14.556853,50.102786]]}},{"type":"Feature","properties":{"mode":"bus","n":5,"arr":["141","171","223","224","912"],"lines":"141, 171, 223, 224, 912"},"geometry":{"type":"LineString","coordinates":[[14.576615,50.103467],[14.57707,50.103548],[14.577431,50.103645],[14.577755,50.103803],[14.577915,50.103938],[14.578015,50.104078],[14.578079,50.1043],[14.578044,50.104519],[14.577905,50.10474],[14.57766,50.104932],[14.577451,50.105027],[14.577153,50.105113],[14.576192,50.105307],[14.575889,50.105395],[14.575592,50.105525],[14.574461,50.106302],[14.573664,50.106777],[14.573521,50.106936],[14.573438,50.107159]]}},{"type":"Feature","properties":{"mode":"bus","n":5,"arr":["141","171","223","224","912"],"lines":"141, 171, 223, 224, 912"},"geometry":{"type":"LineString","coordinates":[[14.576836,50.103679],[14.577217,50.103746],[14.577528,50.103858],[14.577623,50.103915],[14.577782,50.104082],[14.577845,50.10422],[14.577859,50.104455],[14.577794,50.104619],[14.577698,50.104728],[14.577507,50.104858],[14.577182,50.104977],[14.576019,50.105221],[14.575632,50.105352],[14.575383,50.105467],[14.574898,50.105742],[14.57363,50.106644],[14.573385,50.106881],[14.573295,50.107114]]}},{"type":"Feature","properties":{"mode":"bus","n":7,"arr":["141","171","181","201","223","224","912"],"lines":"141, 171, 181, 201, 223, 224, 912"},"geometry":{"type":"LineString","coordinates":[[14.573438,50.107159],[14.573473,50.107292],[14.573557,50.10743],[14.573999,50.107788]]}},{"type":"Feature","properties":{"mode":"bus","n":8,"arr":["141","171","181","186","201","223","224","912"],"lines":"141, 171, 181, 186, 201, 223, 224, 912"},"geometry":{"type":"LineString","coordinates":[[14.573999,50.107788],[14.573931,50.10788],[14.573462,50.108216]]}},{"type":"Feature","properties":{"mode":"bus","n":8,"arr":["141","171","181","186","201","223","224","912"],"lines":"141, 171, 181, 186, 201, 223, 224, 912"},"geometry":{"type":"LineString","coordinates":[[14.573295,50.107114],[14.57334,50.107288],[14.573435,50.10743],[14.573646,50.107616],[14.574595,50.108116]]}},{"type":"Feature","properties":{"mode":"bus","n":20,"arr":["141","171","181","186","201","220","221","222","223","224","240","250","303","344","346","353","354","367","912","IKEA"],"lines":"141, 171, 181, 186, 201, 220, 221, 222, 223, 224, 240, 250, 303, 344, 346, 353, 354, 367, 912, IKEA"},"geometry":{"type":"LineString","coordinates":[[14.573462,50.108216],[14.573369,50.108311],[14.573325,50.10841],[14.573335,50.108508],[14.573441,50.108631],[14.57361,50.108707],[14.574252,50.108843]]}},{"type":"Feature","properties":{"mode":"bus","n":20,"arr":["141","171","181","186","201","220","221","222","223","224","240","250","303","344","346","353","354","367","912","IKEA"],"lines":"141, 171, 181, 186, 201, 220, 221, 222, 223, 224, 240, 250, 303, 344, 346, 353, 354, 367, 912, IKEA"},"geometry":{"type":"LineString","coordinates":[[14.574595,50.108116],[14.574848,50.108266],[14.574903,50.108328],[14.575053,50.108379],[14.57518,50.108568]]}},{"type":"Feature","properties":{"mode":"bus","n":18,"arr":["141","171","181","186","201","220","221","222","223","240","250","303","344","346","353","354","367","IKEA"],"lines":"141, 171, 181, 186, 201, 220, 221, 222, 223, 240, 250, 303, 344, 346, 353, 354, 367, IKEA"},"geometry":{"type":"LineString","coordinates":[[14.574252,50.108843],[14.574735,50.108876],[14.575395,50.108982],[14.577052,50.109185]]}},{"type":"Feature","properties":{"mode":"bus","n":5,"arr":["141","171","223","224","IKEA"],"lines":"141, 171, 223, 224, IKEA"},"geometry":{"type":"LineString","coordinates":[[14.579188,50.108893],[14.582284,50.109283],[14.582398,50.109328],[14.582447,50.109339],[14.582499,50.109335],[14.582644,50.109301]]}},{"type":"Feature","properties":{"mode":"bus","n":8,"arr":["141","171","221","222","223","224","240","250"],"lines":"141, 171, 221, 222, 223, 224, 240, 250"},"geometry":{"type":"LineString","coordinates":[[14.577909,50.108863],[14.578825,50.10898]]}},{"type":"Feature","properties":{"mode":"bus","n":9,"arr":["141","171","221","222","223","224","240","250","353"],"lines":"141, 171, 221, 222, 223, 224, 240, 250, 353"},"geometry":{"type":"LineString","coordinates":[[14.576798,50.108721],[14.577909,50.108863]]}},{"type":"Feature","properties":{"mode":"bus","n":12,"arr":["141","171","181","186","201","221","222","223","224","240","250","353"],"lines":"141, 171, 181, 186, 201, 221, 222, 223, 224, 240, 250, 353"},"geometry":{"type":"LineString","coordinates":[[14.576517,50.108685],[14.576798,50.108721]]}},{"type":"Feature","properties":{"mode":"bus","n":13,"arr":["141","171","181","186","201","221","222","223","224","240","250","353","IKEA"],"lines":"141, 171, 181, 186, 201, 221, 222, 223, 224, 240, 250, 353, IKEA"},"geometry":{"type":"LineString","coordinates":[[14.575886,50.108477],[14.576102,50.108632],[14.576517,50.108685]]}},{"type":"Feature","properties":{"mode":"bus","n":19,"arr":["141","171","181","186","201","220","221","222","223","224","240","250","303","344","346","353","354","367","IKEA"],"lines":"141, 171, 181, 186, 201, 220, 221, 222, 223, 224, 240, 250, 303, 344, 346, 353, 354, 367, IKEA"},"geometry":{"type":"LineString","coordinates":[[14.575624,50.108449],[14.575886,50.108477]]}},{"type":"Feature","properties":{"mode":"bus","n":14,"arr":["141","171","181","186","201","221","222","223","224","240","250","346","353","IKEA"],"lines":"141, 171, 181, 186, 201, 221, 222, 223, 224, 240, 250, 346, 353, IKEA"},"geometry":{"type":"LineString","coordinates":[[14.57518,50.108568],[14.57527,50.10849],[14.575309,50.108468],[14.575359,50.108459],[14.575624,50.108449]]}},{"type":"Feature","properties":{"mode":"bus","n":15,"arr":["141","171","220","221","222","223","240","250","303","344","346","353","354","367","IKEA"],"lines":"141, 171, 220, 221, 222, 223, 240, 250, 303, 344, 346, 353, 354, 367, IKEA"},"geometry":{"type":"LineString","coordinates":[[14.574595,50.108116],[14.574183,50.108012],[14.574014,50.107997],[14.573771,50.108054],[14.573462,50.108216]]}},{"type":"Feature","properties":{"mode":"bus","n":17,"arr":["141","171","220","221","222","223","224","240","250","303","344","346","353","354","367","912","IKEA"],"lines":"141, 171, 220, 221, 222, 223, 224, 240, 250, 303, 344, 346, 353, 354, 367, 912, IKEA"},"geometry":{"type":"LineString","coordinates":[[14.574252,50.108843],[14.575378,50.109038],[14.576166,50.109212],[14.582647,50.110059]]}},{"type":"Feature","properties":{"mode":"bus","n":13,"arr":["141","171","220","221","222","223","303","344","346","353","354","367","912"],"lines":"141, 171, 220, 221, 222, 223, 303, 344, 346, 353, 354, 367, 912"},"geometry":{"type":"LineString","coordinates":[[14.582647,50.110059],[14.58361,50.110171],[14.588148,50.110783]]}},{"type":"Feature","properties":{"mode":"bus","n":13,"arr":["141","171","220","221","222","223","303","344","346","353","354","367","912"],"lines":"141, 171, 220, 221, 222, 223, 303, 344, 346, 353, 354, 367, 912"},"geometry":{"type":"LineString","coordinates":[[14.580174,50.109833],[14.583578,50.110274]]}},{"type":"Feature","properties":{"mode":"bus","n":10,"arr":["141","171","221","222","223","303","344","353","354","912"],"lines":"141, 171, 221, 222, 223, 303, 344, 353, 354, 912"},"geometry":{"type":"LineString","coordinates":[[14.588148,50.110783],[14.589248,50.110953],[14.589983,50.111112]]}},{"type":"Feature","properties":{"mode":"bus","n":10,"arr":["141","171","221","222","223","303","344","353","354","912"],"lines":"141, 171, 221, 222, 223, 303, 344, 353, 354, 912"},"geometry":{"type":"LineString","coordinates":[[14.583578,50.110274],[14.587476,50.110781],[14.588552,50.110903],[14.589983,50.111112],[14.590811,50.111323]]}},{"type":"Feature","properties":{"mode":"bus","n":11,"arr":["141","171","221","222","223","224","303","344","353","354","912"],"lines":"141, 171, 221, 222, 223, 224, 303, 344, 353, 354, 912"},"geometry":{"type":"LineString","coordinates":[[14.590811,50.111323],[14.594822,50.112515],[14.595585,50.112577],[14.597138,50.11265],[14.597621,50.112719]]}},{"type":"Feature","properties":{"mode":"bus","n":7,"arr":["141","171","303","344","353","354","912"],"lines":"141, 171, 303, 344, 353, 354, 912"},"geometry":{"type":"LineString","coordinates":[[14.597621,50.112719],[14.60095,50.113385],[14.609475,50.114814]]}},{"type":"Feature","properties":{"mode":"bus","n":8,"arr":["141","171","204","303","344","353","354","912"],"lines":"141, 171, 204, 303, 344, 353, 354, 912"},"geometry":{"type":"LineString","coordinates":[[14.609475,50.114814],[14.612928,50.115392]]}},{"type":"Feature","properties":{"mode":"bus","n":9,"arr":["141","171","204","262","303","344","353","354","912"],"lines":"141, 171, 204, 262, 303, 344, 353, 354, 912"},"geometry":{"type":"LineString","coordinates":[[14.612928,50.115392],[14.619796,50.116543]]}},{"type":"Feature","properties":{"mode":"bus","n":5,"arr":["141","171","209","262","912"],"lines":"141, 171, 209, 262, 912"},"geometry":{"type":"LineString","coordinates":[[14.625142,50.11123],[14.625596,50.11191],[14.625669,50.11217],[14.625988,50.115067],[14.626035,50.115812],[14.626001,50.116072]]}},{"type":"Feature","properties":{"mode":"bus","n":15,"arr":["141","171","220","221","222","223","240","250","303","344","346","353","354","367","912"],"lines":"141, 171, 220, 221, 222, 223, 240, 250, 303, 344, 346, 353, 354, 367, 912"},"geometry":{"type":"LineString","coordinates":[[14.57518,50.108568],[14.575123,50.108875],[14.574951,50.109245],[14.574784,50.109773],[14.574783,50.109789],[14.57479,50.109801],[14.574805,50.109809],[14.574828,50.109814],[14.575346,50.109872],[14.575551,50.109868],[14.575784,50.109797],[14.575969,50.109663],[14.576214,50.10955],[14.576526,50.10948],[14.576785,50.109467],[14.577533,50.109545],[14.577874,50.109535],[14.580174,50.109833]]}},{"type":"Feature","properties":{"mode":"bus","n":5,"arr":["141","220","303","344","IKEA"],"lines":"141, 220, 303, 344, IKEA"},"geometry":{"type":"LineString","coordinates":[[14.5775,50.10868],[14.577845,50.108724]]}},{"type":"Feature","properties":{"mode":"bus","n":6,"arr":["141","220","303","344","354","IKEA"],"lines":"141, 220, 303, 344, 354, IKEA"},"geometry":{"type":"LineString","coordinates":[[14.576163,50.108512],[14.5775,50.10868]]}},{"type":"Feature","properties":{"mode":"bus","n":8,"arr":["141","220","303","344","346","354","367","IKEA"],"lines":"141, 220, 303, 344, 346, 354, 367, IKEA"},"geometry":{"type":"LineString","coordinates":[[14.575886,50.108477],[14.576163,50.108512]]}},{"type":"Feature","properties":{"mode":"bus","n":6,"arr":["141","220","303","344","354","367"],"lines":"141, 220, 303, 344, 354, 367"},"geometry":{"type":"LineString","coordinates":[[14.575624,50.108449],[14.575423,50.108406],[14.575053,50.108379]]}},{"type":"Feature","properties":{"mode":"bus","n":7,"arr":["141","181","186","201","206","259","912"],"lines":"141, 181, 186, 201, 206, 259, 912"},"geometry":{"type":"LineString","coordinates":[[14.55711,50.106009],[14.557276,50.106018]]}},{"type":"Feature","properties":{"mode":"bus","n":6,"arr":["142","149","168","184","219","266"],"lines":"142, 149, 168, 184, 219, 266"},"geometry":{"type":"LineString","coordinates":[[14.351711,50.050621],[14.3533,50.05077]]}},{"type":"Feature","properties":{"mode":"bus","n":6,"arr":["142","149","168","184","219","266"],"lines":"142, 149, 168, 184, 219, 266"},"geometry":{"type":"LineString","coordinates":[[14.35162,50.051048],[14.353234,50.051199]]}},{"type":"Feature","properties":{"mode":"bus","n":6,"arr":["142","149","184","219","266","904"],"lines":"142, 149, 184, 219, 266, 904"},"geometry":{"type":"LineString","coordinates":[[14.352707,50.049094],[14.352247,50.049298],[14.351987,50.049504],[14.351876,50.049806],[14.351711,50.050621]]}},{"type":"Feature","properties":{"mode":"bus","n":5,"arr":["142","184","219","225","904"],"lines":"142, 184, 219, 225, 904"},"geometry":{"type":"LineString","coordinates":[[14.334146,50.041321],[14.334365,50.041145],[14.334546,50.040952],[14.334763,50.040638],[14.334914,50.040275],[14.334995,50.039866]]}},{"type":"Feature","properties":{"mode":"bus","n":6,"arr":["142","149","168","184","219","904"],"lines":"142, 149, 168, 184, 219, 904"},"geometry":{"type":"LineString","coordinates":[[14.351711,50.050621],[14.35162,50.051048]]}},{"type":"Feature","properties":{"mode":"bus","n":6,"arr":["143","145","149","180","340","350"],"lines":"143, 145, 149, 180, 340, 350"},"geometry":{"type":"LineString","coordinates":[[14.394104,50.102595],[14.394987,50.102654]]}},{"type":"Feature","properties":{"mode":"bus","n":6,"arr":["143","145","149","180","902","909"],"lines":"143, 145, 149, 180, 902, 909"},"geometry":{"type":"LineString","coordinates":[[14.395302,50.101506],[14.395417,50.100577]]}},{"type":"Feature","properties":{"mode":"bus","n":6,"arr":["143","145","149","180","902","909"],"lines":"143, 145, 149, 180, 902, 909"},"geometry":{"type":"LineString","coordinates":[[14.395468,50.100163],[14.39545,50.100092],[14.395596,50.09893],[14.395595,50.098922],[14.39559,50.098916],[14.395582,50.098912],[14.39557,50.098911],[14.395517,50.098908]]}},{"type":"Feature","properties":{"mode":"bus","n":7,"arr":["143","145","149","180","902","909","X26"],"lines":"143, 145, 149, 180, 902, 909, X26"},"geometry":{"type":"LineString","coordinates":[[14.395417,50.100577],[14.395468,50.100163]]}},{"type":"Feature","properties":{"mode":"bus","n":7,"arr":["143","145","149","180","902","909","AE"],"lines":"143, 145, 149, 180, 902, 909, AE"},"geometry":{"type":"LineString","coordinates":[[14.395517,50.098908],[14.395874,50.09603],[14.39596,50.095833],[14.39612,50.095596],[14.396598,50.095101]]}},{"type":"Feature","properties":{"mode":"bus","n":7,"arr":["143","145","149","180","902","909","AE"],"lines":"143, 145, 149, 180, 902, 909, AE"},"geometry":{"type":"LineString","coordinates":[[14.396699,50.095089],[14.396699,50.095209],[14.39666,50.0953],[14.396189,50.095842],[14.396084,50.096074],[14.395732,50.09892]]}},{"type":"Feature","properties":{"mode":"bus","n":7,"arr":["143","145","149","180","902","909","AE"],"lines":"143, 145, 149, 180, 902, 909, AE"},"geometry":{"type":"LineString","coordinates":[[14.396693,50.09505],[14.396664,50.094969],[14.396662,50.094954],[14.396669,50.094942],[14.396683,50.094935],[14.396707,50.09493],[14.396808,50.094922]]}},{"type":"Feature","properties":{"mode":"bus","n":6,"arr":["143","145","149","180","909","AE"],"lines":"143, 145, 149, 180, 909, AE"},"geometry":{"type":"LineString","coordinates":[[14.396598,50.095101],[14.396638,50.095076]]}},{"type":"Feature","properties":{"mode":"bus","n":5,"arr":["143","145","149","180","X26"],"lines":"143, 145, 149, 180, X26"},"geometry":{"type":"LineString","coordinates":[[14.395527,50.099914],[14.395468,50.100163]]}},{"type":"Feature","properties":{"mode":"bus","n":5,"arr":["143","145","149","180","X26"],"lines":"143, 145, 149, 180, X26"},"geometry":{"type":"LineString","coordinates":[[14.39397,50.100574],[14.394765,50.100546],[14.395417,50.100577]]}},{"type":"Feature","properties":{"mode":"bus","n":8,"arr":["143","145","149","180","340","350","AE","X26"],"lines":"143, 145, 149, 180, 340, 350, AE, X26"},"geometry":{"type":"LineString","coordinates":[[14.393451,50.100548],[14.39397,50.100574]]}},{"type":"Feature","properties":{"mode":"bus","n":5,"arr":["143","149","180","AE","X26"],"lines":"143, 149, 180, AE, X26"},"geometry":{"type":"LineString","coordinates":[[14.39217,50.100483],[14.393451,50.100548]]}},{"type":"Feature","properties":{"mode":"bus","n":5,"arr":["143","149","180","340","350"],"lines":"143, 149, 180, 340, 350"},"geometry":{"type":"LineString","coordinates":[[14.392081,50.101127],[14.39217,50.100483]]}},{"type":"Feature","properties":{"mode":"bus","n":5,"arr":["145","152","169","251","905"],"lines":"145, 152, 169, 251, 905"},"geometry":{"type":"LineString","coordinates":[[14.432255,50.144221],[14.432273,50.144101]]}},{"type":"Feature","properties":{"mode":"bus","n":5,"arr":["145","166","201","905","911"],"lines":"145, 166, 201, 905, 911"},"geometry":{"type":"LineString","coordinates":[[14.462229,50.117705],[14.465451,50.117592],[14.466187,50.117472]]}},{"type":"Feature","properties":{"mode":"bus","n":5,"arr":["146","155","188","199","X15"],"lines":"146, 155, 188, 199, X15"},"geometry":{"type":"LineString","coordinates":[[14.476335,50.079348],[14.476314,50.079327],[14.475077,50.079104]]}},{"type":"Feature","properties":{"mode":"bus","n":5,"arr":["146","155","188","199","X15"],"lines":"146, 155, 188, 199, X15"},"geometry":{"type":"LineString","coordinates":[[14.475305,50.078354],[14.475925,50.078225],[14.476434,50.078159]]}},{"type":"Feature","properties":{"mode":"bus","n":7,"arr":["148","904","905","907","908","910","911"],"lines":"148, 904, 905, 907, 908, 910, 911"},"geometry":{"type":"LineString","coordinates":[[14.429112,50.074764],[14.429193,50.07364]]}},{"type":"Feature","properties":{"mode":"bus","n":7,"arr":["148","904","905","907","908","910","911"],"lines":"148, 904, 905, 907, 908, 910, 911"},"geometry":{"type":"LineString","coordinates":[[14.429085,50.075432],[14.429105,50.074936]]}},{"type":"Feature","properties":{"mode":"bus","n":5,"arr":["148","904","905","910","911"],"lines":"148, 904, 905, 910, 911"},"geometry":{"type":"LineString","coordinates":[[14.429193,50.07364],[14.429438,50.070739]]}},{"type":"Feature","properties":{"mode":"bus","n":6,"arr":["149","168","184","219","266","904"],"lines":"149, 168, 184, 219, 266, 904"},"geometry":{"type":"LineString","coordinates":[[14.35162,50.051048],[14.351475,50.051638],[14.351373,50.051899],[14.351083,50.05241]]}},{"type":"Feature","properties":{"mode":"bus","n":5,"arr":["150","157","190","246","910"],"lines":"150, 157, 190, 246, 910"},"geometry":{"type":"LineString","coordinates":[[14.41563,50.007617],[14.415718,50.007625],[14.415745,50.007625],[14.415764,50.007616],[14.415776,50.0076],[14.4164,50.005849]]}},{"type":"Feature","properties":{"mode":"bus","n":5,"arr":["150","157","190","274","910"],"lines":"150, 157, 190, 274, 910"},"geometry":{"type":"LineString","coordinates":[[14.417093,50.003998],[14.417132,50.00392],[14.417276,50.0038]]}},{"type":"Feature","properties":{"mode":"bus","n":5,"arr":["150","190","277","341","910"],"lines":"150, 190, 277, 341, 910"},"geometry":{"type":"LineString","coordinates":[[14.429352,49.997701],[14.429518,49.998092]]}},{"type":"Feature","properties":{"mode":"bus","n":6,"arr":["151","152","177","183","903","913"],"lines":"151, 152, 177, 183, 903, 913"},"geometry":{"type":"LineString","coordinates":[[14.499069,50.118519],[14.499174,50.118439]]}},{"type":"Feature","properties":{"mode":"bus","n":7,"arr":["151","152","177","183","903","911","913"],"lines":"151, 152, 177, 183, 903, 911, 913"},"geometry":{"type":"LineString","coordinates":[[14.497027,50.120083],[14.499069,50.118519]]}},{"type":"Feature","properties":{"mode":"bus","n":7,"arr":["151","152","177","183","903","911","913"],"lines":"151, 152, 177, 183, 903, 911, 913"},"geometry":{"type":"LineString","coordinates":[[14.498837,50.118548],[14.496919,50.120027]]}},{"type":"Feature","properties":{"mode":"bus","n":9,"arr":["151","152","177","182","183","375","903","911","913"],"lines":"151, 152, 177, 182, 183, 375, 903, 911, 913"},"geometry":{"type":"LineString","coordinates":[[14.498957,50.118456],[14.498837,50.118548]]}},{"type":"Feature","properties":{"mode":"bus","n":12,"arr":["152","162","169","251","370","371","372","373","374","411","913","958"],"lines":"152, 162, 169, 251, 370, 371, 372, 373, 374, 411, 913, 958"},"geometry":{"type":"LineString","coordinates":[[14.452384,50.135377],[14.452644,50.13442],[14.452919,50.133571]]}},{"type":"Feature","properties":{"mode":"bus","n":12,"arr":["152","162","169","183","370","371","372","373","374","411","913","958"],"lines":"152, 162, 169, 183, 370, 371, 372, 373, 374, 411, 913, 958"},"geometry":{"type":"LineString","coordinates":[[14.452919,50.133571],[14.452983,50.13318]]}},{"type":"Feature","properties":{"mode":"bus","n":11,"arr":["152","162","169","370","371","372","373","374","411","913","958"],"lines":"152, 162, 169, 370, 371, 372, 373, 374, 411, 913, 958"},"geometry":{"type":"LineString","coordinates":[[14.452983,50.13318],[14.452978,50.132862],[14.4529,50.132557],[14.451916,50.129557],[14.452094,50.126989],[14.452045,50.124501],[14.452128,50.123894]]}},{"type":"Feature","properties":{"mode":"bus","n":11,"arr":["152","162","169","370","371","372","373","374","411","913","958"],"lines":"152, 162, 169, 370, 371, 372, 373, 374, 411, 913, 958"},"geometry":{"type":"LineString","coordinates":[[14.452251,50.124154],[14.45223,50.124282],[14.452275,50.126878],[14.452099,50.129545],[14.453065,50.132501],[14.453159,50.132978],[14.453137,50.133315],[14.45308,50.133583],[14.452682,50.134722],[14.452527,50.135295]]}},{"type":"Feature","properties":{"mode":"bus","n":5,"arr":["152","177","183","903","913"],"lines":"152, 177, 183, 903, 913"},"geometry":{"type":"LineString","coordinates":[[14.481305,50.128833],[14.482417,50.128948],[14.482809,50.128956],[14.483437,50.128927],[14.484287,50.128811],[14.48527,50.128544],[14.485918,50.128287],[14.486544,50.127957],[14.486942,50.127687],[14.488261,50.126675]]}},{"type":"Feature","properties":{"mode":"bus","n":5,"arr":["152","177","183","903","913"],"lines":"152, 177, 183, 903, 913"},"geometry":{"type":"LineString","coordinates":[[14.488378,50.126729],[14.487061,50.12774],[14.486522,50.128102],[14.486039,50.128373],[14.485405,50.12864],[14.484597,50.128891],[14.483444,50.129112],[14.482594,50.129193],[14.482047,50.129206],[14.481482,50.129184],[14.481165,50.129148]]}},{"type":"Feature","properties":{"mode":"bus","n":7,"arr":["152","166","177","183","903","911","913"],"lines":"152, 166, 177, 183, 903, 911, 913"},"geometry":{"type":"LineString","coordinates":[[14.496919,50.120027],[14.488261,50.126675]]}},{"type":"Feature","properties":{"mode":"bus","n":7,"arr":["152","166","177","183","903","911","913"],"lines":"152, 166, 177, 183, 903, 911, 913"},"geometry":{"type":"LineString","coordinates":[[14.488378,50.126729],[14.497027,50.120083]]}},{"type":"Feature","properties":{"mode":"bus","n":10,"arr":["152","162","169","370","371","372","373","374","411","913"],"lines":"152, 162, 169, 370, 371, 372, 373, 374, 411, 913"},"geometry":{"type":"LineString","coordinates":[[14.452767,50.123969],[14.452401,50.12405],[14.452251,50.124154]]}},{"type":"Feature","properties":{"mode":"bus","n":12,"arr":["152","162","169","202","370","371","372","373","374","411","913","958"],"lines":"152, 162, 169, 202, 370, 371, 372, 373, 374, 411, 913, 958"},"geometry":{"type":"LineString","coordinates":[[14.452527,50.135295],[14.452502,50.135386]]}},{"type":"Feature","properties":{"mode":"bus","n":5,"arr":["154","175","188","901","906"],"lines":"154, 175, 188, 901, 906"},"geometry":{"type":"LineString","coordinates":[[14.490706,50.072372],[14.488725,50.072097],[14.487744,50.07193]]}},{"type":"Feature","properties":{"mode":"bus","n":5,"arr":["154","175","188","901","906"],"lines":"154, 175, 188, 901, 906"},"geometry":{"type":"LineString","coordinates":[[14.48722,50.071652],[14.487593,50.071757],[14.488155,50.071859],[14.491597,50.072351]]}},{"type":"Feature","properties":{"mode":"bus","n":5,"arr":["154","188","195","901","906"],"lines":"154, 188, 195, 901, 906"},"geometry":{"type":"LineString","coordinates":[[14.493794,50.056707],[14.493839,50.057296],[14.493772,50.057823]]}},{"type":"Feature","properties":{"mode":"bus","n":5,"arr":["154","175","181","182","254"],"lines":"154, 175, 181, 182, 254"},"geometry":{"type":"LineString","coordinates":[[14.522513,50.052919],[14.526429,50.052761],[14.527045,50.052755],[14.530664,50.052597]]}},{"type":"Feature","properties":{"mode":"bus","n":6,"arr":["154","175","183","226","227","959"],"lines":"154, 175, 183, 226, 227, 959"},"geometry":{"type":"LineString","coordinates":[[14.563003,50.034142],[14.563893,50.034385],[14.564319,50.034589],[14.564541,50.034797],[14.565057,50.035527],[14.565202,50.035667],[14.565439,50.035798],[14.565804,50.035882],[14.567263,50.036056]]}},{"type":"Feature","properties":{"mode":"bus","n":5,"arr":["154","197","215","274","904"],"lines":"154, 197, 215, 274, 904"},"geometry":{"type":"LineString","coordinates":[[14.455582,50.006032],[14.455865,50.006022]]}},{"type":"Feature","properties":{"mode":"bus","n":7,"arr":["154","177","326","327","331","357","901"],"lines":"154, 177, 326, 327, 331, 357, 901"},"geometry":{"type":"LineString","coordinates":[[14.508888,50.023051],[14.508959,50.023973]]}},{"type":"Feature","properties":{"mode":"bus","n":9,"arr":["154","177","326","327","328","331","357","397","901"],"lines":"154, 177, 326, 327, 328, 331, 357, 397, 901"},"geometry":{"type":"LineString","coordinates":[[14.508959,50.023973],[14.508957,50.024397]]}},{"type":"Feature","properties":{"mode":"bus","n":7,"arr":["155","177","188","195","903","908","909"],"lines":"155, 177, 188, 195, 903, 908, 909"},"geometry":{"type":"LineString","coordinates":[[14.507766,50.082884],[14.507716,50.083033]]}},{"type":"Feature","properties":{"mode":"bus","n":8,"arr":["155","177","188","195","228","903","908","909"],"lines":"155, 177, 188, 195, 228, 903, 908, 909"},"geometry":{"type":"LineString","coordinates":[[14.508575,50.080566],[14.508199,50.081507],[14.507766,50.082884]]}},{"type":"Feature","properties":{"mode":"bus","n":5,"arr":["156","187","201","*888","X94"],"lines":"156, 187, 201, *888, X94"},"geometry":{"type":"LineString","coordinates":[[14.44106,50.108103],[14.441106,50.10807],[14.441909,50.108041]]}},{"type":"Feature","properties":{"mode":"bus","n":5,"arr":["156","187","201","905","911"],"lines":"156, 187, 201, 905, 911"},"geometry":{"type":"LineString","coordinates":[[14.443669,50.108088],[14.44464,50.109771],[14.444886,50.110249]]}},{"type":"Feature","properties":{"mode":"bus","n":5,"arr":["158","166","195","201","278"],"lines":"158, 166, 195, 201, 278"},"geometry":{"type":"LineString","coordinates":[[14.516938,50.141535],[14.516069,50.141661]]}},{"type":"Feature","properties":{"mode":"bus","n":5,"arr":["158","195","201","278","914"],"lines":"158, 195, 201, 278, 914"},"geometry":{"type":"LineString","coordinates":[[14.516605,50.137177],[14.516797,50.137095]]}},{"type":"Feature","properties":{"mode":"bus","n":5,"arr":["158","166","195","278","914"],"lines":"158, 166, 195, 278, 914"},"geometry":{"type":"LineString","coordinates":[[14.514164,50.135619],[14.514459,50.136625],[14.514501,50.136704],[14.514603,50.136778],[14.514836,50.136831],[14.515329,50.136875],[14.515573,50.13692],[14.516605,50.137177]]}},{"type":"Feature","properties":{"mode":"bus","n":11,"arr":["159","182","185","201","209","302","321","351","376","377","378"],"lines":"159, 182, 185, 201, 209, 302, 321, 351, 376, 377, 378"},"geometry":{"type":"LineString","coordinates":[[14.515857,50.125457],[14.515845,50.125186],[14.515972,50.125057]]}},{"type":"Feature","properties":{"mode":"bus","n":8,"arr":["159","182","185","209","302","375","376","378"],"lines":"159, 182, 185, 209, 302, 375, 376, 378"},"geometry":{"type":"LineString","coordinates":[[14.541889,50.128389],[14.528057,50.122868],[14.52541,50.121779],[14.520209,50.119695]]}},{"type":"Feature","properties":{"mode":"bus","n":8,"arr":["159","182","185","209","302","375","376","378"],"lines":"159, 182, 185, 209, 302, 375, 376, 378"},"geometry":{"type":"LineString","coordinates":[[14.516604,50.125049],[14.51668,50.125046]]}},{"type":"Feature","properties":{"mode":"bus","n":7,"arr":["182","185","209","302","375","376","378"],"lines":"182, 185, 209, 302, 375, 376, 378"},"geometry":{"type":"LineString","coordinates":[[14.546908,50.130304],[14.546397,50.130201],[14.54601,50.130058],[14.54427,50.129384],[14.541889,50.128389]]}},{"type":"Feature","properties":{"mode":"bus","n":6,"arr":["159","182","185","201","302","914"],"lines":"159, 182, 185, 201, 302, 914"},"geometry":{"type":"LineString","coordinates":[[14.549255,50.135042],[14.547212,50.135064]]}},{"type":"Feature","properties":{"mode":"bus","n":8,"arr":["159","186","375","376","378","396","914","953"],"lines":"159, 186, 375, 376, 378, 396, 914, 953"},"geometry":{"type":"LineString","coordinates":[[14.57967,50.144108],[14.578985,50.143378]]}},{"type":"Feature","properties":{"mode":"bus","n":11,"arr":["162","169","202","370","371","372","373","374","411","913","958"],"lines":"162, 169, 202, 370, 371, 372, 373, 374, 411, 913, 958"},"geometry":{"type":"LineString","coordinates":[[14.452502,50.135386],[14.450553,50.146038]]}},{"type":"Feature","properties":{"mode":"bus","n":11,"arr":["162","169","202","370","371","372","373","374","411","913","958"],"lines":"162, 169, 202, 370, 371, 372, 373, 374, 411, 913, 958"},"geometry":{"type":"LineString","coordinates":[[14.452384,50.135377],[14.450551,50.145232]]}},{"type":"Feature","properties":{"mode":"bus","n":8,"arr":["163","171","208","228","238","273","909","916"],"lines":"163, 171, 208, 228, 238, 273, 909, 916"},"geometry":{"type":"LineString","coordinates":[[14.517032,50.076477],[14.517254,50.076423]]}},{"type":"Feature","properties":{"mode":"bus","n":12,"arr":["163","171","173","208","228","229","238","273","364","366","909","916"],"lines":"163, 171, 173, 208, 228, 229, 238, 273, 364, 366, 909, 916"},"geometry":{"type":"LineString","coordinates":[[14.517254,50.076423],[14.517342,50.076381],[14.51755,50.076194],[14.517705,50.076142],[14.518656,50.076162],[14.518687,50.076166],[14.518706,50.076179],[14.518711,50.076199],[14.518699,50.076997],[14.518728,50.07706],[14.518726,50.077452]]}},{"type":"Feature","properties":{"mode":"bus","n":12,"arr":["163","171","173","208","228","229","238","273","364","366","909","916"],"lines":"163, 171, 173, 208, 228, 229, 238, 273, 364, 366, 909, 916"},"geometry":{"type":"LineString","coordinates":[[14.518768,50.077626],[14.518699,50.077513]]}},{"type":"Feature","properties":{"mode":"bus","n":11,"arr":["163","171","173","208","229","238","273","364","366","909","916"],"lines":"163, 171, 173, 208, 229, 238, 273, 364, 366, 909, 916"},"geometry":{"type":"LineString","coordinates":[[14.517946,50.076141],[14.517942,50.076191]]}},{"type":"Feature","properties":{"mode":"bus","n":11,"arr":["163","171","173","208","229","238","273","364","366","909","916"],"lines":"163, 171, 173, 208, 229, 238, 273, 364, 366, 909, 916"},"geometry":{"type":"LineString","coordinates":[[14.518199,50.076148],[14.518195,50.076198]]}},{"type":"Feature","properties":{"mode":"bus","n":11,"arr":["163","173","208","228","229","238","364","366","903","909","X95"],"lines":"163, 173, 208, 228, 229, 238, 364, 366, 903, 909, X95"},"geometry":{"type":"LineString","coordinates":[[14.518659,50.077454],[14.519787,50.077416],[14.525605,50.077118],[14.52655,50.077034],[14.527754,50.076858],[14.528929,50.07661],[14.53,50.076311],[14.530948,50.075981]]}},{"type":"Feature","properties":{"mode":"bus","n":11,"arr":["163","173","208","228","229","238","364","366","903","909","X95"],"lines":"163, 173, 208, 228, 229, 238, 364, 366, 903, 909, X95"},"geometry":{"type":"LineString","coordinates":[[14.518768,50.077626],[14.519496,50.077604],[14.520429,50.077527],[14.525653,50.077275],[14.526812,50.077163],[14.527924,50.076992],[14.528646,50.076846],[14.529349,50.076675],[14.530053,50.076473],[14.530886,50.076192],[14.531452,50.075969],[14.532283,50.075598],[14.533389,50.074998]]}},{"type":"Feature","properties":{"mode":"bus","n":10,"arr":["163","173","208","228","229","238","364","366","903","909"],"lines":"163, 173, 208, 228, 229, 238, 364, 366, 903, 909"},"geometry":{"type":"LineString","coordinates":[[14.530948,50.075981],[14.531763,50.075625],[14.532421,50.075253],[14.534679,50.07367],[14.53495,50.073408],[14.535291,50.07297],[14.535705,50.07195],[14.535823,50.071804],[14.536046,50.071609],[14.53642,50.071428],[14.536782,50.071312],[14.53748,50.071233]]}},{"type":"Feature","properties":{"mode":"bus","n":10,"arr":["163","173","208","228","229","238","364","366","903","909"],"lines":"163, 173, 208, 228, 229, 238, 364, 366, 903, 909"},"geometry":{"type":"LineString","coordinates":[[14.533389,50.074998],[14.534376,50.074332],[14.534735,50.074061],[14.534995,50.073816],[14.535282,50.073457],[14.535395,50.073254],[14.535783,50.072116],[14.535901,50.071917],[14.536055,50.071762],[14.536244,50.071629],[14.536552,50.071491],[14.536771,50.071439]]}},{"type":"Feature","properties":{"mode":"bus","n":9,"arr":["163","173","208","228","229","364","366","903","909"],"lines":"163, 173, 208, 228, 229, 364, 366, 903, 909"},"geometry":{"type":"LineString","coordinates":[[14.53748,50.071233],[14.539138,50.071151],[14.539565,50.07108],[14.539732,50.071031],[14.540044,50.070906],[14.542525,50.069574]]}},{"type":"Feature","properties":{"mode":"bus","n":9,"arr":["163","173","208","228","229","364","366","903","909"],"lines":"163, 173, 208, 228, 229, 364, 366, 903, 909"},"geometry":{"type":"LineString","coordinates":[[14.536771,50.071439],[14.537657,50.071332],[14.538933,50.071326],[14.539474,50.071255],[14.539899,50.071075],[14.541859,50.070024],[14.542166,50.069916],[14.542532,50.069724]]}},{"type":"Feature","properties":{"mode":"bus","n":10,"arr":["163","173","204","208","228","229","364","366","903","909"],"lines":"163, 173, 204, 208, 228, 229, 364, 366, 903, 909"},"geometry":{"type":"LineString","coordinates":[[14.542525,50.069574],[14.542696,50.069476]]}},{"type":"Feature","properties":{"mode":"bus","n":5,"arr":["163","204","208","228","909"],"lines":"163, 204, 208, 228, 909"},"geometry":{"type":"LineString","coordinates":[[14.54322,50.069672],[14.54586,50.070433],[14.546639,50.070681]]}},{"type":"Feature","properties":{"mode":"bus","n":5,"arr":["163","204","208","228","909"],"lines":"163, 204, 208, 228, 909"},"geometry":{"type":"LineString","coordinates":[[14.545381,50.070424],[14.545871,50.07055],[14.546639,50.070681],[14.548763,50.071302],[14.549822,50.071658],[14.551178,50.071962],[14.551701,50.07207],[14.552407,50.072138],[14.553762,50.072379],[14.55498,50.072515]]}},{"type":"Feature","properties":{"mode":"bus","n":5,"arr":["163","204","208","228","909"],"lines":"163, 204, 208, 228, 909"},"geometry":{"type":"LineString","coordinates":[[14.542894,50.069716],[14.543898,50.06998],[14.545212,50.070374]]}},{"type":"Feature","properties":{"mode":"bus","n":7,"arr":["163","209","221","240","250","262","909"],"lines":"163, 209, 221, 240, 250, 262, 909"},"geometry":{"type":"LineString","coordinates":[[14.624037,50.080115],[14.621132,50.080415],[14.619092,50.080694],[14.617518,50.080939],[14.616371,50.081049]]}},{"type":"Feature","properties":{"mode":"bus","n":6,"arr":["163","209","221","250","262","909"],"lines":"163, 209, 221, 250, 262, 909"},"geometry":{"type":"LineString","coordinates":[[14.654458,50.077308],[14.650519,50.078033],[14.647522,50.078476],[14.640918,50.079383],[14.638602,50.079676],[14.634742,50.080124],[14.634061,50.080162],[14.630964,50.080231],[14.628477,50.080207],[14.625042,50.080093],[14.624037,50.080115]]}},{"type":"Feature","properties":{"mode":"bus","n":8,"arr":["163","209","210","221","250","262","264","909"],"lines":"163, 209, 210, 221, 250, 262, 264, 909"},"geometry":{"type":"LineString","coordinates":[[14.659427,50.076389],[14.654458,50.077308]]}},{"type":"Feature","properties":{"mode":"bus","n":7,"arr":["163","211","250","262","264","391","909"],"lines":"163, 211, 250, 262, 264, 391, 909"},"geometry":{"type":"LineString","coordinates":[[14.682144,50.072662],[14.682193,50.07283],[14.682185,50.072882],[14.682178,50.072898],[14.682162,50.072909],[14.682138,50.072914],[14.677585,50.073336],[14.674575,50.073651],[14.671436,50.074189],[14.659427,50.076389]]}},{"type":"Feature","properties":{"mode":"bus","n":6,"arr":["163","211","250","262","264","909"],"lines":"163, 211, 250, 262, 264, 909"},"geometry":{"type":"LineString","coordinates":[[14.681114,50.073009],[14.681529,50.072741]]}},{"type":"Feature","properties":{"mode":"bus","n":9,"arr":["163","173","208","228","229","238","364","366","909"],"lines":"163, 173, 208, 228, 229, 238, 364, 366, 909"},"geometry":{"type":"LineString","coordinates":[[14.518699,50.077513],[14.518659,50.077454]]}},{"type":"Feature","properties":{"mode":"bus","n":11,"arr":["163","171","173","208","228","229","238","364","366","909","916"],"lines":"163, 171, 173, 208, 228, 229, 238, 364, 366, 909, 916"},"geometry":{"type":"LineString","coordinates":[[14.518699,50.076997],[14.517115,50.07699],[14.516697,50.076912],[14.516392,50.076832],[14.516328,50.076778],[14.516313,50.076709],[14.516351,50.076644],[14.516433,50.076599],[14.516746,50.076534]]}},{"type":"Feature","properties":{"mode":"bus","n":5,"arr":["164","180","214","904","957"],"lines":"164, 180, 214, 904, 957"},"geometry":{"type":"LineString","coordinates":[[14.297384,50.065721],[14.298316,50.065497]]}},{"type":"Feature","properties":{"mode":"bus","n":7,"arr":["164","180","214","279","904","952","957"],"lines":"164, 180, 214, 279, 904, 952, 957"},"geometry":{"type":"LineString","coordinates":[[14.297197,50.06505],[14.297155,50.065135],[14.297161,50.065302],[14.297366,50.065687],[14.29737,50.065707],[14.297359,50.065723],[14.297332,50.065734],[14.295783,50.066134]]}},{"type":"Feature","properties":{"mode":"bus","n":6,"arr":["164","168","180","260","365","902"],"lines":"164, 168, 180, 260, 365, 902"},"geometry":{"type":"LineString","coordinates":[[14.344228,50.078922],[14.344351,50.078968]]}},{"type":"Feature","properties":{"mode":"bus","n":10,"arr":["164","168","174","180","184","260","365","380","902","910"],"lines":"164, 168, 174, 180, 184, 260, 365, 380, 902, 910"},"geometry":{"type":"LineString","coordinates":[[14.344257,50.079136],[14.344351,50.078968]]}},{"type":"Feature","properties":{"mode":"bus","n":8,"arr":["164","168","174","184","191","260","380","910"],"lines":"164, 168, 174, 184, 191, 260, 380, 910"},"geometry":{"type":"LineString","coordinates":[[14.344149,50.080175],[14.344069,50.079883],[14.344067,50.079592],[14.344122,50.079356],[14.344257,50.079136]]}},{"type":"Feature","properties":{"mode":"bus","n":5,"arr":["164","168","191","260","910"],"lines":"164, 168, 191, 260, 910"},"geometry":{"type":"LineString","coordinates":[[14.344743,50.081052],[14.344227,50.080487],[14.3442,50.080401],[14.344228,50.080374],[14.344237,50.080358],[14.344234,50.080342],[14.344149,50.080175]]}},{"type":"Feature","properties":{"mode":"bus","n":6,"arr":["180","214","279","904","952","957"],"lines":"180, 214, 279, 904, 952, 957"},"geometry":{"type":"LineString","coordinates":[[14.299078,50.065117],[14.298409,50.064901],[14.298176,50.064873],[14.297748,50.064881],[14.297504,50.064907],[14.297281,50.064994],[14.297197,50.06505]]}},{"type":"Feature","properties":{"mode":"bus","n":6,"arr":["180","214","279","904","952","957"],"lines":"180, 214, 279, 904, 952, 957"},"geometry":{"type":"LineString","coordinates":[[14.295783,50.066134],[14.294646,50.066446],[14.294085,50.06666],[14.293056,50.067173],[14.292937,50.067274],[14.292828,50.067458],[14.292764,50.067505],[14.29274,50.067518],[14.292711,50.067523],[14.29268,50.067522],[14.290488,50.067159],[14.290245,50.067103],[14.290134,50.067007],[14.289826,50.066579],[14.28926,50.066244],[14.28874,50.066023],[14.286903,50.065431],[14.286528,50.065233],[14.286409,50.065142],[14.286295,50.064981],[14.286267,50.063735],[14.286353,50.063126],[14.286378,50.063061],[14.286478,50.063001]]}},{"type":"Feature","properties":{"mode":"bus","n":7,"arr":["166","202","257","276","321","377","915"],"lines":"166, 202, 257, 276, 321, 377, 915"},"geometry":{"type":"LineString","coordinates":[[14.530008,50.151178],[14.526968,50.151393]]}},{"type":"Feature","properties":{"mode":"bus","n":5,"arr":["166","182","201","911","914"],"lines":"166, 182, 201, 911, 914"},"geometry":{"type":"LineString","coordinates":[[14.513563,50.125524],[14.513511,50.125625],[14.513496,50.125761],[14.513547,50.125894],[14.514208,50.126689]]}},{"type":"Feature","properties":{"mode":"bus","n":7,"arr":["166","185","202","257","321","377","915"],"lines":"166, 185, 202, 257, 321, 377, 915"},"geometry":{"type":"LineString","coordinates":[[14.529313,50.152105],[14.526968,50.151393]]}},{"type":"Feature","properties":{"mode":"bus","n":8,"arr":["167","168","174","180","184","365","380","902"],"lines":"167, 168, 174, 180, 184, 365, 380, 902"},"geometry":{"type":"LineString","coordinates":[[14.345253,50.075914],[14.344114,50.075793],[14.343317,50.075655],[14.342038,50.075355],[14.341053,50.075031],[14.340004,50.074572],[14.339305,50.074188],[14.338045,50.073324],[14.337383,50.07273],[14.336073,50.07127],[14.335571,50.070689],[14.3357,50.070396],[14.33569,50.070254],[14.335626,50.070153],[14.335368,50.069937],[14.335224,50.069762],[14.335172,50.06966],[14.335133,50.069426]]}},{"type":"Feature","properties":{"mode":"bus","n":6,"arr":["168","174","180","184","380","902"],"lines":"168, 174, 180, 184, 380, 902"},"geometry":{"type":"LineString","coordinates":[[14.335427,50.068057],[14.335499,50.067587]]}},{"type":"Feature","properties":{"mode":"bus","n":6,"arr":["168","174","180","184","380","902"],"lines":"168, 174, 180, 184, 380, 902"},"geometry":{"type":"LineString","coordinates":[[14.335283,50.068736],[14.335427,50.068057],[14.335333,50.067863],[14.335195,50.067772],[14.335052,50.067742],[14.334245,50.067716]]}},{"type":"Feature","properties":{"mode":"bus","n":7,"arr":["168","174","180","184","365","380","902"],"lines":"168, 174, 180, 184, 365, 380, 902"},"geometry":{"type":"LineString","coordinates":[[14.335133,50.069426],[14.335283,50.068736]]}},{"type":"Feature","properties":{"mode":"bus","n":7,"arr":["168","174","180","184","365","380","902"],"lines":"168, 174, 180, 184, 365, 380, 902"},"geometry":{"type":"LineString","coordinates":[[14.344351,50.078968],[14.344756,50.078397],[14.345119,50.078144],[14.345245,50.078087],[14.345751,50.077928],[14.34601,50.077887],[14.347406,50.077766],[14.347884,50.077669],[14.348358,50.077512],[14.348523,50.077416],[14.348668,50.077291],[14.348777,50.077105],[14.348801,50.076847],[14.34869,50.076609],[14.348489,50.076445],[14.348328,50.076354],[14.347898,50.07618],[14.347513,50.076104],[14.345253,50.075914]]}},{"type":"Feature","properties":{"mode":"bus","n":5,"arr":["171","228","273","909","916"],"lines":"171, 228, 273, 909, 916"},"geometry":{"type":"LineString","coordinates":[[14.518726,50.077452],[14.518699,50.077513]]}},{"type":"Feature","properties":{"mode":"bus","n":5,"arr":["171","181","182","183","916"],"lines":"171, 181, 182, 183, 916"},"geometry":{"type":"LineString","coordinates":[[14.538283,50.082841],[14.538266,50.083882],[14.538126,50.084833],[14.537775,50.08603],[14.537327,50.087034],[14.536854,50.087832],[14.536154,50.088772],[14.534006,50.090997],[14.53396,50.091086],[14.533945,50.09122],[14.533989,50.091298],[14.534476,50.091604],[14.53469,50.091795],[14.534818,50.091966]]}},{"type":"Feature","properties":{"mode":"bus","n":5,"arr":["171","181","182","183","916"],"lines":"171, 181, 182, 183, 916"},"geometry":{"type":"LineString","coordinates":[[14.537983,50.084191],[14.537822,50.085037],[14.537594,50.085806],[14.537192,50.086767],[14.536819,50.087453],[14.536347,50.088161],[14.535579,50.089136],[14.534837,50.089951],[14.533668,50.091155]]}},{"type":"Feature","properties":{"mode":"bus","n":5,"arr":["171","181","206","224","259"],"lines":"171, 181, 206, 224, 259"},"geometry":{"type":"LineString","coordinates":[[14.546873,50.094228],[14.546907,50.094588],[14.547142,50.095424]]}},{"type":"Feature","properties":{"mode":"bus","n":6,"arr":["173","204","229","364","366","903"],"lines":"173, 204, 229, 364, 366, 903"},"geometry":{"type":"LineString","coordinates":[[14.542696,50.069476],[14.543498,50.069042]]}},{"type":"Feature","properties":{"mode":"bus","n":6,"arr":["173","204","229","364","366","903"],"lines":"173, 204, 229, 364, 366, 903"},"geometry":{"type":"LineString","coordinates":[[14.543238,50.069327],[14.543518,50.069182],[14.543995,50.068802]]}},{"type":"Feature","properties":{"mode":"bus","n":7,"arr":["173","204","229","252","364","366","903"],"lines":"173, 204, 229, 252, 364, 366, 903"},"geometry":{"type":"LineString","coordinates":[[14.543498,50.069042],[14.543995,50.068802],[14.546076,50.067675],[14.548094,50.066628],[14.549803,50.065527]]}},{"type":"Feature","properties":{"mode":"bus","n":5,"arr":["173","229","364","366","903"],"lines":"173, 229, 364, 366, 903"},"geometry":{"type":"LineString","coordinates":[[14.542532,50.069724],[14.543238,50.069327]]}},{"type":"Feature","properties":{"mode":"bus","n":6,"arr":["174","219","225","266","902","904"],"lines":"174, 219, 225, 266, 902, 904"},"geometry":{"type":"LineString","coordinates":[[14.317644,50.046814],[14.318164,50.046748],[14.318581,50.046638],[14.320965,50.045495]]}},{"type":"Feature","properties":{"mode":"bus","n":8,"arr":["174","219","225","266","301","352","902","904"],"lines":"174, 219, 225, 266, 301, 352, 902, 904"},"geometry":{"type":"LineString","coordinates":[[14.320965,50.045495],[14.322617,50.044715],[14.323224,50.04448],[14.323772,50.044312],[14.324777,50.044076],[14.325247,50.043942],[14.325535,50.043816],[14.325764,50.043679],[14.326008,50.043466],[14.326155,50.04328],[14.326268,50.043045],[14.326356,50.04268],[14.326463,50.042463],[14.326768,50.042107],[14.32689,50.04201],[14.328109,50.041395],[14.328408,50.041142],[14.328576,50.040958],[14.328704,50.040613],[14.328813,50.039897]]}},{"type":"Feature","properties":{"mode":"bus","n":5,"arr":["174","266","301","352","902"],"lines":"174, 266, 301, 352, 902"},"geometry":{"type":"LineString","coordinates":[[14.328813,50.039897],[14.328792,50.039633],[14.328868,50.039281],[14.328857,50.039236],[14.328757,50.039173],[14.327696,50.039074],[14.327482,50.03903],[14.325444,50.038244],[14.32173,50.037367],[14.319279,50.036633],[14.315439,50.035258],[14.314738,50.034904],[14.313991,50.034654]]}},{"type":"Feature","properties":{"mode":"bus","n":6,"arr":["175","177","181","182","901","906"],"lines":"175, 177, 181, 182, 901, 906"},"geometry":{"type":"LineString","coordinates":[[14.522513,50.052919],[14.522524,50.053059]]}},{"type":"Feature","properties":{"mode":"bus","n":5,"arr":["177","200","202","235","905"],"lines":"177, 200, 202, 235, 905"},"geometry":{"type":"LineString","coordinates":[[14.417829,50.131194],[14.423741,50.130851],[14.426195,50.130721],[14.426504,50.130724],[14.426994,50.130822],[14.427234,50.130932],[14.42743,50.131072],[14.427576,50.131244],[14.428299,50.132369],[14.428385,50.132459],[14.428699,50.13262],[14.428987,50.132642],[14.429474,50.132609]]}},{"type":"Feature","properties":{"mode":"bus","n":5,"arr":["177","200","202","235","905"],"lines":"177, 200, 202, 235, 905"},"geometry":{"type":"LineString","coordinates":[[14.429617,50.132707],[14.4291,50.132743],[14.428839,50.13273],[14.42854,50.132671],[14.428404,50.132619],[14.428236,50.132498],[14.427484,50.131268],[14.427352,50.131108],[14.427184,50.130987],[14.426971,50.130887],[14.426757,50.130828],[14.426478,50.130788],[14.42298,50.130994],[14.421884,50.131032],[14.417784,50.131282],[14.417569,50.131257],[14.417444,50.13119]]}},{"type":"Feature","properties":{"mode":"bus","n":7,"arr":["177","188","195","228","903","908","909"],"lines":"177, 188, 195, 228, 903, 908, 909"},"geometry":{"type":"LineString","coordinates":[[14.507394,50.077773],[14.508533,50.078991],[14.508741,50.079322],[14.508815,50.079585],[14.508818,50.079853],[14.50876,50.080098],[14.508575,50.080566]]}},{"type":"Feature","properties":{"mode":"bus","n":8,"arr":["177","188","195","228","273","903","908","909"],"lines":"177, 188, 195, 228, 273, 903, 908, 909"},"geometry":{"type":"LineString","coordinates":[[14.507394,50.077773],[14.507276,50.077695],[14.507251,50.07765]]}},{"type":"Feature","properties":{"mode":"bus","n":5,"arr":["177","188","195","273","908"],"lines":"177, 188, 195, 273, 908"},"geometry":{"type":"LineString","coordinates":[[14.507889,50.073589],[14.507646,50.074796],[14.507251,50.07765]]}},{"type":"Feature","properties":{"mode":"bus","n":6,"arr":["177","181","182","254","901","906"],"lines":"177, 181, 182, 254, 901, 906"},"geometry":{"type":"LineString","coordinates":[[14.52666,50.045904],[14.527853,50.046639],[14.528358,50.047022],[14.528581,50.04723],[14.528744,50.047458],[14.528807,50.047643],[14.528812,50.047903],[14.528707,50.048197],[14.528571,50.04837],[14.528303,50.048592],[14.527328,50.049072],[14.527147,50.049201],[14.526808,50.049707],[14.52647,50.050014],[14.525874,50.050488],[14.525598,50.050621],[14.524209,50.050915],[14.52403,50.05098],[14.523754,50.051154],[14.523009,50.051718],[14.52257,50.052399]]}},{"type":"Feature","properties":{"mode":"bus","n":5,"arr":["177","181","182","901","906"],"lines":"177, 181, 182, 901, 906"},"geometry":{"type":"LineString","coordinates":[[14.523003,50.046095],[14.523914,50.045761],[14.524411,50.045633],[14.524886,50.045579],[14.525426,50.045579],[14.525793,50.045626],[14.526142,50.045709],[14.52666,50.045904]]}},{"type":"Feature","properties":{"mode":"bus","n":5,"arr":["177","181","182","901","906"],"lines":"177, 181, 182, 901, 906"},"geometry":{"type":"LineString","coordinates":[[14.510757,50.040017],[14.511732,50.041111],[14.512369,50.04171],[14.51277,50.041982],[14.513692,50.042404]]}},{"type":"Feature","properties":{"mode":"bus","n":5,"arr":["177","181","182","901","906"],"lines":"177, 181, 182, 901, 906"},"geometry":{"type":"LineString","coordinates":[[14.52257,50.052399],[14.522506,50.052481],[14.522443,50.052796],[14.522513,50.052919]]}},{"type":"Feature","properties":{"mode":"bus","n":5,"arr":["180","306","904","952","957"],"lines":"180, 306, 904, 952, 957"},"geometry":{"type":"LineString","coordinates":[[14.287264,50.056524],[14.287347,50.05634],[14.287487,50.056238]]}},{"type":"Feature","properties":{"mode":"bus","n":5,"arr":["180","306","904","952","957"],"lines":"180, 306, 904, 952, 957"},"geometry":{"type":"LineString","coordinates":[[14.286478,50.063001],[14.286794,50.062857],[14.287108,50.062597],[14.287267,50.06226],[14.287485,50.061576],[14.287617,50.061396],[14.287788,50.061295],[14.288177,50.061217],[14.290856,50.060929],[14.291477,50.060816],[14.292858,50.06045],[14.293908,50.059904],[14.294283,50.059666],[14.29444,50.05961]]}},{"type":"Feature","properties":{"mode":"bus","n":6,"arr":["180","306","380","904","952","957"],"lines":"180, 306, 380, 904, 952, 957"},"geometry":{"type":"LineString","coordinates":[[14.29444,50.05961],[14.287819,50.056946],[14.287555,50.056829],[14.287319,50.05662],[14.287264,50.056524]]}},{"type":"Feature","properties":{"mode":"bus","n":6,"arr":["180","214","279","306","904","957"],"lines":"180, 214, 279, 306, 904, 957"},"geometry":{"type":"LineString","coordinates":[[14.286278,50.063005],[14.286478,50.063001]]}},{"type":"Feature","properties":{"mode":"bus","n":5,"arr":["180","306","380","904","957"],"lines":"180, 306, 380, 904, 957"},"geometry":{"type":"LineString","coordinates":[[14.287264,50.056524],[14.287134,50.056324]]}},{"type":"Feature","properties":{"mode":"bus","n":5,"arr":["182","185","201","302","914"],"lines":"182, 185, 201, 302, 914"},"geometry":{"type":"LineString","coordinates":[[14.549418,50.133695],[14.549274,50.13462],[14.549255,50.135042]]}},{"type":"Feature","properties":{"mode":"bus","n":6,"arr":["182","185","209","375","376","378"],"lines":"182, 185, 209, 375, 376, 378"},"geometry":{"type":"LineString","coordinates":[[14.550971,50.130738],[14.546908,50.130304]]}},{"type":"Feature","properties":{"mode":"bus","n":5,"arr":["182","201","321","351","377"],"lines":"182, 201, 321, 351, 377"},"geometry":{"type":"LineString","coordinates":[[14.515423,50.12577],[14.515769,50.125566]]}},{"type":"Feature","properties":{"mode":"bus","n":9,"arr":["182","201","209","302","321","351","376","377","378"],"lines":"182, 201, 209, 302, 321, 351, 376, 377, 378"},"geometry":{"type":"LineString","coordinates":[[14.515769,50.125566],[14.515857,50.125457]]}},{"type":"Feature","properties":{"mode":"bus","n":6,"arr":["186","375","376","378","914","953"],"lines":"186, 375, 376, 378, 914, 953"},"geometry":{"type":"LineString","coordinates":[[14.578985,50.143378],[14.577868,50.1421],[14.577665,50.141194],[14.577549,50.141002],[14.577405,50.140901],[14.575713,50.140071]]}},{"type":"Feature","properties":{"mode":"bus","n":6,"arr":["194","905","907","909","911","AE"],"lines":"194, 905, 907, 909, 911, AE"},"geometry":{"type":"LineString","coordinates":[[14.427822,50.090764],[14.427795,50.090763],[14.427788,50.090762],[14.427784,50.09076],[14.427782,50.090757],[14.427782,50.090753],[14.427799,50.090655],[14.428011,50.089766],[14.428166,50.089391],[14.428174,50.089381],[14.428189,50.089374],[14.428222,50.089366]]}},{"type":"Feature","properties":{"mode":"bus","n":7,"arr":["207","905","907","909","911","AE","X91"],"lines":"207, 905, 907, 909, 911, AE, X91"},"geometry":{"type":"LineString","coordinates":[[14.430125,50.088886],[14.429298,50.088492],[14.428987,50.088374],[14.428764,50.088357],[14.428608,50.088407],[14.428498,50.088515],[14.428381,50.088988],[14.428287,50.089217]]}},{"type":"Feature","properties":{"mode":"bus","n":7,"arr":["207","905","907","909","911","AE","X91"],"lines":"207, 905, 907, 909, 911, AE, X91"},"geometry":{"type":"LineString","coordinates":[[14.428222,50.089366],[14.428061,50.089764],[14.427394,50.092614]]}},{"type":"Feature","properties":{"mode":"bus","n":8,"arr":["194","207","905","907","909","911","AE","X91"],"lines":"194, 207, 905, 907, 909, 911, AE, X91"},"geometry":{"type":"LineString","coordinates":[[14.428287,50.089217],[14.428222,50.089366]]}},{"type":"Feature","properties":{"mode":"bus","n":5,"arr":["203","256","901","905","906"],"lines":"203, 256, 901, 905, 906"},"geometry":{"type":"LineString","coordinates":[[14.503998,50.033465],[14.504891,50.033651],[14.507009,50.034004],[14.507351,50.034043],[14.508021,50.034077]]}},{"type":"Feature","properties":{"mode":"bus","n":5,"arr":["203","226","227","240","959"],"lines":"203, 226, 227, 240, 959"},"geometry":{"type":"LineString","coordinates":[[14.52503,50.030234],[14.524904,50.030154],[14.52485,50.030055]]}},{"type":"Feature","properties":{"mode":"bus","n":6,"arr":["204","262","303","344","353","354"],"lines":"204, 262, 303, 344, 353, 354"},"geometry":{"type":"LineString","coordinates":[[14.625591,50.117514],[14.619796,50.116543]]}},{"type":"Feature","properties":{"mode":"bus","n":5,"arr":["204","221","222","223","224"],"lines":"204, 221, 222, 223, 224"},"geometry":{"type":"LineString","coordinates":[[14.601713,50.108912],[14.6003,50.110511]]}},{"type":"Feature","properties":{"mode":"bus","n":5,"arr":["204","209","221","222","262"],"lines":"204, 209, 221, 222, 262"},"geometry":{"type":"LineString","coordinates":[[14.617121,50.0868],[14.617706,50.087514],[14.618241,50.087981],[14.61888,50.088393],[14.620459,50.089326],[14.621531,50.089868],[14.621851,50.090132],[14.622512,50.091021],[14.623892,50.092684],[14.625627,50.094546],[14.625802,50.094826],[14.625848,50.094967],[14.625868,50.095267],[14.625542,50.098983]]}},{"type":"Feature","properties":{"mode":"bus","n":6,"arr":["204","229","252","364","366","903"],"lines":"204, 229, 252, 364, 366, 903"},"geometry":{"type":"LineString","coordinates":[[14.549803,50.065527],[14.550833,50.064776],[14.559228,50.059037]]}},{"type":"Feature","properties":{"mode":"bus","n":7,"arr":["204","229","240","252","364","366","903"],"lines":"204, 229, 240, 252, 364, 366, 903"},"geometry":{"type":"LineString","coordinates":[[14.567064,50.051873],[14.566573,50.052198],[14.566178,50.052517],[14.564277,50.054368],[14.563443,50.055049]]}},{"type":"Feature","properties":{"mode":"bus","n":6,"arr":["207","905","907","909","911","AE"],"lines":"207, 905, 907, 909, 911, AE"},"geometry":{"type":"LineString","coordinates":[[14.432455,50.089638],[14.431464,50.089397],[14.431124,50.08929],[14.430724,50.089145],[14.430125,50.088886]]}},{"type":"Feature","properties":{"mode":"bus","n":10,"arr":["209","226","227","229","272","364","366","903","906","959"],"lines":"209, 226, 227, 229, 272, 364, 366, 903, 906, 959"},"geometry":{"type":"LineString","coordinates":[[14.598724,50.031594],[14.601318,50.029747]]}},{"type":"Feature","properties":{"mode":"bus","n":6,"arr":["210","211","221","303","391","908"],"lines":"210, 211, 221, 303, 391, 908"},"geometry":{"type":"LineString","coordinates":[[14.663251,50.082681],[14.662282,50.081775],[14.661711,50.081119],[14.661463,50.080771],[14.661205,50.080349],[14.660997,50.079913],[14.660293,50.077973]]}},{"type":"Feature","properties":{"mode":"bus","n":7,"arr":["210","211","221","264","303","391","908"],"lines":"210, 211, 221, 264, 303, 391, 908"},"geometry":{"type":"LineString","coordinates":[[14.660293,50.077973],[14.659815,50.076741],[14.659691,50.076568],[14.659427,50.076389]]}},{"type":"Feature","properties":{"mode":"bus","n":5,"arr":["212","221","303","343","908"],"lines":"212, 221, 303, 343, 908"},"geometry":{"type":"LineString","coordinates":[[14.670711,50.097648],[14.669543,50.096178],[14.669153,50.095568],[14.668699,50.094489],[14.666437,50.089663]]}},{"type":"Feature","properties":{"mode":"bus","n":5,"arr":["214","279","306","336","957"],"lines":"214, 279, 306, 336, 957"},"geometry":{"type":"LineString","coordinates":[[14.264333,50.067536],[14.265119,50.066947]]}},{"type":"Feature","properties":{"mode":"bus","n":5,"arr":["228","273","903","909","X95"],"lines":"228, 273, 903, 909, X95"},"geometry":{"type":"LineString","coordinates":[[14.507394,50.077773],[14.509993,50.077913],[14.510872,50.077932],[14.512297,50.077905],[14.518213,50.077634],[14.518768,50.077626]]}},{"type":"Feature","properties":{"mode":"bus","n":6,"arr":["244","246","247","261","951","XS7"],"lines":"244, 246, 247, 261, 951, XS7"},"geometry":{"type":"LineString","coordinates":[[14.363485,49.984899],[14.364802,49.985795],[14.365119,49.986104],[14.365296,49.986332],[14.365533,49.986545],[14.367165,49.987607],[14.3698,49.98986],[14.374278,49.993324],[14.37533,49.994118],[14.375348,49.994127],[14.37537,49.99413],[14.375392,49.99413],[14.375406,49.994132],[14.375415,49.994137],[14.37542,49.994145],[14.375434,49.994193]]}},{"type":"Feature","properties":{"mode":"bus","n":5,"arr":["244","246","261","951","XS7"],"lines":"244, 246, 261, 951, XS7"},"geometry":{"type":"LineString","coordinates":[[14.363107,49.98463],[14.363485,49.984899]]}},{"type":"Feature","properties":{"mode":"bus","n":6,"arr":["244","246","261","269","951","XS7"],"lines":"244, 246, 261, 269, 951, XS7"},"geometry":{"type":"LineString","coordinates":[[14.362179,49.984011],[14.363107,49.98463]]}},{"type":"Feature","properties":{"mode":"bus","n":5,"arr":["244","248","309","313","951"],"lines":"244, 248, 309, 313, 951"},"geometry":{"type":"LineString","coordinates":[[14.35516,49.982358],[14.356408,49.982568],[14.356894,49.982701],[14.3571,49.982793],[14.357609,49.983127],[14.357778,49.983171],[14.358278,49.983223],[14.35869,49.983131]]}},{"type":"Feature","properties":{"mode":"bus","n":5,"arr":["246","266","301","352","962"],"lines":"246, 266, 301, 352, 962"},"geometry":{"type":"LineString","coordinates":[[14.297803,50.024103],[14.297425,50.022445],[14.297315,50.022245],[14.29706,50.021915],[14.296944,50.021684],[14.296714,50.021046]]}},{"type":"Feature","properties":{"mode":"bus","n":5,"arr":["262","303","344","353","354"],"lines":"262, 303, 344, 353, 354"},"geometry":{"type":"LineString","coordinates":[[14.625591,50.117514],[14.628235,50.117939],[14.62914,50.117992],[14.631225,50.118068]]}},{"type":"Feature","properties":{"mode":"bus","n":5,"arr":["302","321","377","657","671"],"lines":"302, 321, 377, 657, 671"},"geometry":{"type":"LineString","coordinates":[[14.556086,50.174101],[14.555741,50.173845],[14.555522,50.173791]]}},{"type":"Feature","properties":{"mode":"bus","n":5,"arr":["306","336","347","365","957"],"lines":"306, 336, 347, 365, 957"},"geometry":{"type":"LineString","coordinates":[[14.253643,50.081417],[14.254783,50.081285],[14.256148,50.081077],[14.256501,50.081086],[14.257127,50.081216]]}},{"type":"Feature","properties":{"mode":"bus","n":9,"arr":["307","308","309","310","311","347","358","380","952"],"lines":"307, 308, 309, 310, 311, 347, 358, 380, 952"},"geometry":{"type":"LineString","coordinates":[[14.258485,50.044496],[14.261387,50.046017],[14.263376,50.04702],[14.264816,50.047642],[14.265339,50.047938],[14.266349,50.04864],[14.267056,50.049184],[14.267171,50.049229]]}},{"type":"Feature","properties":{"mode":"bus","n":5,"arr":["316","350","409","622","954"],"lines":"316, 350, 409, 622, 954"},"geometry":{"type":"LineString","coordinates":[[14.311138,50.160394],[14.31118,50.16047]]}},{"type":"Feature","properties":{"mode":"bus","n":5,"arr":["316","350","409","622","954"],"lines":"316, 350, 409, 622, 954"},"geometry":{"type":"LineString","coordinates":[[14.31106,50.160186],[14.311125,50.160359],[14.311127,50.160374],[14.311121,50.160384],[14.311106,50.160389],[14.311082,50.160389],[14.310684,50.160356],[14.310584,50.160361],[14.3105,50.160405],[14.310478,50.160467],[14.310521,50.160515],[14.310661,50.16055]]}},{"type":"Feature","properties":{"mode":"bus","n":5,"arr":["318","334","901","907","XS7"],"lines":"318, 334, 901, 907, XS7"},"geometry":{"type":"LineString","coordinates":[[14.409073,50.061565],[14.409152,50.061004]]}},{"type":"Feature","properties":{"mode":"bus","n":8,"arr":["318","334","390","901","907","914","951","XS7"],"lines":"318, 334, 390, 901, 907, 914, 951, XS7"},"geometry":{"type":"LineString","coordinates":[[14.409152,50.061004],[14.409175,50.060872],[14.409352,50.060509]]}},{"type":"Feature","properties":{"mode":"bus","n":5,"arr":["321","346","353","376","657"],"lines":"321, 346, 353, 376, 657"},"geometry":{"type":"LineString","coordinates":[[14.65706,50.1841],[14.655708,50.184435]]}},{"type":"Feature","properties":{"mode":"bus","n":5,"arr":["322","414","429","907","AE"],"lines":"322, 414, 429, 907, AE"},"geometry":{"type":"LineString","coordinates":[[14.277377,50.109962],[14.274357,50.109443],[14.273866,50.109306],[14.273568,50.109143],[14.273366,50.108983],[14.27204,50.10775]]}},{"type":"Feature","properties":{"mode":"bus","n":5,"arr":["322","414","429","907","AE"],"lines":"322, 414, 429, 907, AE"},"geometry":{"type":"LineString","coordinates":[[14.27441,50.109569],[14.274528,50.10956],[14.276034,50.109804],[14.276153,50.10984]]}},{"type":"Feature","properties":{"mode":"bus","n":5,"arr":["326","334","335","762","956"],"lines":"326, 334, 335, 762, 956"},"geometry":{"type":"LineString","coordinates":[[14.511963,49.968715],[14.512311,49.968565],[14.513179,49.96813]]}},{"type":"Feature","properties":{"mode":"bus","n":5,"arr":["326","334","335","765","956"],"lines":"326, 334, 335, 765, 956"},"geometry":{"type":"LineString","coordinates":[[14.513179,49.96813],[14.513243,49.968097]]}},{"type":"Feature","properties":{"mode":"bus","n":6,"arr":["326","327","334","335","765","956"],"lines":"326, 327, 334, 335, 765, 956"},"geometry":{"type":"LineString","coordinates":[[14.513243,49.968097],[14.51349,49.96797]]}},{"type":"Feature","properties":{"mode":"bus","n":7,"arr":["326","327","334","335","762","765","956"],"lines":"326, 327, 334, 335, 762, 765, 956"},"geometry":{"type":"LineString","coordinates":[[14.514708,49.967568],[14.514011,49.967752],[14.51349,49.96797]]}},{"type":"Feature","properties":{"mode":"bus","n":5,"arr":["333","334","341","362","960"],"lines":"333, 334, 341, 362, 960"},"geometry":{"type":"LineString","coordinates":[[14.458768,49.963722],[14.458914,49.963875],[14.459867,49.965662]]}},{"type":"Feature","properties":{"mode":"bus","n":5,"arr":["335","362","904","956","960"],"lines":"335, 362, 904, 956, 960"},"geometry":{"type":"LineString","coordinates":[[14.451615,50.043472],[14.45094,50.043951]]}},{"type":"Feature","properties":{"mode":"bus","n":5,"arr":["346","367","375","657","953"],"lines":"346, 367, 375, 657, 953"},"geometry":{"type":"LineString","coordinates":[[14.657554,50.183052],[14.657398,50.182852]]}},{"type":"Feature","properties":{"mode":"bus","n":7,"arr":["346","353","367","375","376","657","953"],"lines":"346, 353, 367, 375, 376, 657, 953"},"geometry":{"type":"LineString","coordinates":[[14.658138,50.183819],[14.657554,50.183052]]}},{"type":"Feature","properties":{"mode":"bus","n":6,"arr":["346","353","367","375","376","953"],"lines":"346, 353, 367, 375, 376, 953"},"geometry":{"type":"LineString","coordinates":[[14.66157,50.185815],[14.660779,50.185887],[14.660316,50.185878]]}},{"type":"Feature","properties":{"mode":"bus","n":5,"arr":["353","367","375","376","953"],"lines":"353, 367, 375, 376, 953"},"geometry":{"type":"LineString","coordinates":[[14.660316,50.185878],[14.658138,50.183819]]}},{"type":"Feature","properties":{"mode":"bus","n":5,"arr":["364","494","959","MHD 9","MHD 91"],"lines":"364, 494, 959, MHD 9, MHD 91"},"geometry":{"type":"LineString","coordinates":[[14.661606,50.002326],[14.660327,50.003057],[14.65714,50.004783],[14.656316,50.005284],[14.655512,50.005732]]}},{"type":"Feature","properties":{"mode":"bus","n":6,"arr":["364","494","765","959","MHD 9","MHD 91"],"lines":"364, 494, 765, 959, MHD 9, MHD 91"},"geometry":{"type":"LineString","coordinates":[[14.661606,50.002326],[14.663161,50.00145],[14.663515,50.001221],[14.663945,50.000896]]}},{"type":"Feature","properties":{"mode":"bus","n":5,"arr":["364","494","MHD 3","MHD 9","MHD 91"],"lines":"364, 494, MHD 3, MHD 9, MHD 91"},"geometry":{"type":"LineString","coordinates":[[14.662271,50.000656],[14.662519,50.000531],[14.66279,50.000449],[14.663185,50.000405],[14.663532,50.0004]]}},{"type":"Feature","properties":{"mode":"bus","n":6,"arr":["364","494","686","MHD 3","MHD 9","MHD 91"],"lines":"364, 494, 686, MHD 3, MHD 9, MHD 91"},"geometry":{"type":"LineString","coordinates":[[14.665073,50.002785],[14.664515,50.002393],[14.664064,50.002124],[14.661979,50.000952]]}},{"type":"Feature","properties":{"mode":"bus","n":5,"arr":["364","686","765","MHD 3","MHD 91"],"lines":"364, 686, 765, MHD 3, MHD 91"},"geometry":{"type":"LineString","coordinates":[[14.666935,50.004499],[14.666477,50.003962],[14.666139,50.003629],[14.665565,50.00314],[14.665073,50.002785]]}},{"type":"Feature","properties":{"mode":"bus","n":5,"arr":["364","765","MHD 2","MHD 3","MHD 9"],"lines":"364, 765, MHD 2, MHD 3, MHD 9"},"geometry":{"type":"LineString","coordinates":[[14.66532,50.001098],[14.665271,50.00105],[14.664668,50.00076]]}},{"type":"Feature","properties":{"mode":"bus","n":7,"arr":["370","371","372","373","374","411","958"],"lines":"370, 371, 372, 373, 374, 411, 958"},"geometry":{"type":"LineString","coordinates":[[14.450553,50.146038],[14.450428,50.146579],[14.450142,50.14836],[14.450098,50.149256],[14.450106,50.14973],[14.450175,50.150488],[14.450405,50.151637],[14.451028,50.153517],[14.451559,50.155326],[14.451896,50.156753],[14.452106,50.157933],[14.45301,50.164626],[14.452992,50.16563],[14.452856,50.166478]]}},{"type":"Feature","properties":{"mode":"bus","n":7,"arr":["370","371","372","373","374","411","958"],"lines":"370, 371, 372, 373, 374, 411, 958"},"geometry":{"type":"LineString","coordinates":[[14.450551,50.145232],[14.450013,50.148328],[14.449954,50.149309],[14.449993,50.150148],[14.450126,50.151027],[14.450284,50.151721],[14.450889,50.153519],[14.451438,50.155378],[14.45189,50.157457],[14.452847,50.164353],[14.452879,50.165184],[14.452825,50.165772],[14.452712,50.166471]]}},{"type":"Feature","properties":{"mode":"bus","n":6,"arr":["370","372","657","658","663","958"],"lines":"370, 372, 657, 658, 663, 958"},"geometry":{"type":"LineString","coordinates":[[14.410259,50.219644],[14.408647,50.220755]]}},{"type":"Feature","properties":{"mode":"bus","n":5,"arr":["370","372","657","658","663"],"lines":"370, 372, 657, 658, 663"},"geometry":{"type":"LineString","coordinates":[[14.408647,50.220755],[14.408359,50.220794],[14.408335,50.220796],[14.408319,50.220791],[14.408309,50.220781],[14.408307,50.220766],[14.408324,50.220586],[14.40824,50.220124]]}},{"type":"Feature","properties":{"mode":"bus","n":5,"arr":["370","372","657","658","663"],"lines":"370, 372, 657, 658, 663"},"geometry":{"type":"LineString","coordinates":[[14.410259,50.219644],[14.410058,50.219458],[14.409585,50.219317],[14.409395,50.21922],[14.409207,50.219179],[14.408932,50.219168],[14.408796,50.219197],[14.408766,50.219208],[14.408746,50.219224],[14.408736,50.219245],[14.408713,50.219357],[14.408757,50.219651],[14.408751,50.219685],[14.408723,50.219713],[14.408227,50.220046]]}},{"type":"Feature","properties":{"mode":"bus","n":5,"arr":["370","372","658","663","958"],"lines":"370, 372, 658, 663, 958"},"geometry":{"type":"LineString","coordinates":[[14.408647,50.220755],[14.41392,50.22309],[14.413938,50.2231],[14.413945,50.223112],[14.413942,50.223124],[14.413929,50.223137],[14.413456,50.223488],[14.409932,50.224952],[14.409868,50.225066],[14.410726,50.227364],[14.410739,50.22804],[14.410797,50.228672],[14.410805,50.228692],[14.410825,50.228703],[14.410856,50.228706],[14.414674,50.228569],[14.415052,50.228399],[14.415406,50.228205],[14.417047,50.22717],[14.417343,50.227011],[14.417675,50.226877],[14.41794,50.226804],[14.418767,50.226645],[14.419596,50.226571],[14.419833,50.226481],[14.420128,50.226279]]}},{"type":"Feature","properties":{"mode":"bus","n":5,"arr":["370","372","658","663","958"],"lines":"370, 372, 658, 663, 958"},"geometry":{"type":"LineString","coordinates":[[14.421117,50.227943],[14.418449,50.227941],[14.416197,50.227719]]}},{"type":"Feature","properties":{"mode":"bus","n":6,"arr":["370","372","373","658","663","958"],"lines":"370, 372, 373, 658, 663, 958"},"geometry":{"type":"LineString","coordinates":[[14.420128,50.226279],[14.420217,50.226423],[14.42072,50.227033],[14.420893,50.227328],[14.420994,50.227577],[14.421304,50.228516],[14.421323,50.228682],[14.421305,50.228939],[14.421244,50.229035],[14.421125,50.229135],[14.420977,50.229228],[14.419635,50.229762],[14.416789,50.230466],[14.416434,50.230603],[14.415714,50.231177],[14.415436,50.231353],[14.414904,50.231617],[14.414484,50.231736],[14.411662,50.232344],[14.411576,50.232446],[14.41151,50.232898],[14.41139,50.233083],[14.411164,50.233285]]}},{"type":"Feature","properties":{"mode":"bus","n":5,"arr":["375","376","378","671","953"],"lines":"375, 376, 378, 671, 953"},"geometry":{"type":"LineString","coordinates":[[14.594363,50.153911],[14.591159,50.151828]]}},{"type":"Feature","properties":{"mode":"bus","n":5,"arr":["494","765","959","MHD 1","MHD 91"],"lines":"494, 765, 959, MHD 1, MHD 91"},"geometry":{"type":"LineString","coordinates":[[14.691157,49.992118],[14.690912,49.992192]]}},{"type":"Feature","properties":{"mode":"bus","n":5,"arr":["494","959","MHD 1","MHD 7","MHD 9"],"lines":"494, 959, MHD 1, MHD 7, MHD 9"},"geometry":{"type":"LineString","coordinates":[[14.691122,49.991785],[14.691114,49.991863]]}},{"type":"Feature","properties":{"mode":"bus","n":6,"arr":["494","765","959","MHD 1","MHD 7","MHD 9"],"lines":"494, 765, 959, MHD 1, MHD 7, MHD 9"},"geometry":{"type":"LineString","coordinates":[[14.691615,49.99198],[14.69154,49.99186],[14.691478,49.991815],[14.691361,49.991781],[14.691122,49.991785]]}},{"type":"Feature","properties":{"mode":"bus","n":6,"arr":["494","765","959","MHD 2","MHD 3","MHD 91"],"lines":"494, 765, 959, MHD 2, MHD 3, MHD 91"},"geometry":{"type":"LineString","coordinates":[[14.664622,50.000305],[14.665007,50.00007],[14.665563,49.999863],[14.675285,49.996924],[14.676005,49.996688]]}},{"type":"Feature","properties":{"mode":"bus","n":7,"arr":["494","686","765","MHD 1","MHD 2","MHD 3","MHD 7"],"lines":"494, 686, 765, MHD 1, MHD 2, MHD 3, MHD 7"},"geometry":{"type":"LineString","coordinates":[[14.660247,49.996786],[14.66009,49.99652]]}},{"type":"Feature","properties":{"mode":"bus","n":7,"arr":["494","686","765","MHD 1","MHD 2","MHD 3","MHD 7"],"lines":"494, 686, 765, MHD 1, MHD 2, MHD 3, MHD 7"},"geometry":{"type":"LineString","coordinates":[[14.659335,49.994316],[14.658347,49.993628],[14.65748,49.992951],[14.657415,49.992752],[14.657399,49.992151],[14.657226,49.991602]]}},{"type":"Feature","properties":{"mode":"bus","n":8,"arr":["494","686","765","MHD 1","MHD 2","MHD 3","MHD 7","MHD 9"],"lines":"494, 686, 765, MHD 1, MHD 2, MHD 3, MHD 7, MHD 9"},"geometry":{"type":"LineString","coordinates":[[14.668219,49.993684],[14.667111,49.994769],[14.666797,49.994983],[14.664346,49.996123],[14.662555,49.996458],[14.660508,49.997152],[14.660485,49.997157],[14.660466,49.997156],[14.660451,49.997149],[14.660439,49.997135],[14.660247,49.996786]]}},{"type":"Feature","properties":{"mode":"bus","n":5,"arr":["494","686","765","MHD 7","MHD 9"],"lines":"494, 686, 765, MHD 7, MHD 9"},"geometry":{"type":"LineString","coordinates":[[14.668219,49.993684],[14.667811,49.993592],[14.667113,49.993381],[14.666916,49.993342],[14.666247,49.993308]]}},{"type":"Feature","properties":{"mode":"bus","n":6,"arr":["494","686","765","MHD 1","MHD 2","MHD 3"],"lines":"494, 686, 765, MHD 1, MHD 2, MHD 3"},"geometry":{"type":"LineString","coordinates":[[14.657226,49.991602],[14.655416,49.991652],[14.653966,49.991467],[14.653874,49.991441],[14.653616,49.991118],[14.653525,49.991058],[14.653227,49.99097],[14.65296,49.99094],[14.652401,49.990989],[14.651914,49.99107]]}},{"type":"Feature","properties":{"mode":"bus","n":5,"arr":["765","MHD 1","MHD 2","MHD 3","MHD 7"],"lines":"765, MHD 1, MHD 2, MHD 3, MHD 7"},"geometry":{"type":"LineString","coordinates":[[14.66009,49.99652],[14.659918,49.996144],[14.659826,49.995087],[14.659737,49.994871],[14.659525,49.994573]]}},{"type":"Feature","properties":{"mode":"bus","n":5,"arr":["905","907","908","911","AE"],"lines":"905, 907, 908, 911, AE"},"geometry":{"type":"LineString","coordinates":[[14.432474,50.087239],[14.432412,50.088386],[14.432416,50.088405],[14.43243,50.088419],[14.432454,50.08843],[14.432492,50.088442],[14.432516,50.088453],[14.43253,50.088467],[14.432533,50.088486],[14.432438,50.089459],[14.432455,50.089638]]}},{"type":"Feature","properties":{"mode":"bus","n":5,"arr":["905","907","908","911","AE"],"lines":"905, 907, 908, 911, AE"},"geometry":{"type":"LineString","coordinates":[[14.433147,50.084366],[14.432789,50.083894],[14.432031,50.083002],[14.431731,50.082732],[14.430706,50.081964],[14.430691,50.081946],[14.430692,50.081929],[14.430711,50.081913],[14.43225,50.081001]]}},{"type":"Feature","properties":{"mode":"bus","n":5,"arr":["905","907","908","911","AE"],"lines":"905, 907, 908, 911, AE"},"geometry":{"type":"LineString","coordinates":[[14.432546,50.08724],[14.432462,50.08776],[14.43246,50.08777],[14.432459,50.087776],[14.432458,50.087778],[14.432457,50.087776],[14.432457,50.08777],[14.432457,50.08776],[14.432473,50.087275],[14.432473,50.087265],[14.432473,50.087259],[14.432473,50.087257],[14.432473,50.087259],[14.432473,50.087265],[14.432473,50.087275],[14.432457,50.08776],[14.432457,50.08777],[14.432457,50.087776],[14.432458,50.087778],[14.432459,50.087776],[14.43246,50.08777],[14.432462,50.08776],[14.432546,50.08724]]}},{"type":"Feature","properties":{"mode":"bus","n":6,"arr":["905","907","909","911","AE","X91"],"lines":"905, 907, 909, 911, AE, X91"},"geometry":{"type":"LineString","coordinates":[[14.427394,50.092614],[14.42675,50.095386]]}},{"type":"Feature","properties":{"mode":"bus","n":6,"arr":["905","907","908","911","AE","X15"],"lines":"905, 907, 908, 911, AE, X15"},"geometry":{"type":"LineString","coordinates":[[14.437236,50.086649],[14.435632,50.087133],[14.435454,50.087152],[14.435351,50.087207],[14.435173,50.087247],[14.432546,50.08724]]}},{"type":"Feature","properties":{"mode":"bus","n":5,"arr":["905","907","908","911","X15"],"lines":"905, 907, 908, 911, X15"},"geometry":{"type":"LineString","coordinates":[[14.437475,50.086471],[14.437433,50.086596]]}},{"type":"Feature","properties":{"mode":"bus","n":5,"arr":["905","907","908","911","X15"],"lines":"905, 907, 908, 911, X15"},"geometry":{"type":"LineString","coordinates":[[14.435454,50.087152],[14.435393,50.087108],[14.434674,50.086169]]}},{"type":"Feature","properties":{"mode":"bus","n":5,"arr":["904","907","908","910","X18"],"lines":"904, 907, 908, 910, X18"},"geometry":{"type":"LineString","coordinates":[[14.419187,50.076432],[14.419084,50.075789]]}},{"type":"Feature","properties":{"mode":"bus","n":6,"arr":["904","905","907","908","910","911"],"lines":"904, 905, 907, 908, 910, 911"},"geometry":{"type":"LineString","coordinates":[[14.429091,50.075539],[14.429085,50.075432]]}},{"type":"Feature","properties":{"mode":"bus","n":6,"arr":["904","905","907","908","910","911"],"lines":"904, 905, 907, 908, 910, 911"},"geometry":{"type":"LineString","coordinates":[[14.429105,50.074936],[14.429112,50.074764]]}},{"type":"Feature","properties":{"mode":"bus","n":6,"arr":["904","905","907","908","910","911"],"lines":"904, 905, 907, 908, 910, 911"},"geometry":{"type":"LineString","coordinates":[[14.430379,50.073717],[14.43022,50.074907],[14.430193,50.07534],[14.430416,50.077095]]}},{"type":"Feature","properties":{"mode":"tram","n":5,"arr":["1","2","25","96","97"],"lines":"1, 2, 25, 96, 97"},"geometry":{"type":"LineString","coordinates":[[14.396948,50.095041],[14.396451,50.094963],[14.394874,50.094794],[14.392303,50.094546]]}},{"type":"Feature","properties":{"mode":"tram","n":8,"arr":["1","8","18","20","25","26","91","96"],"lines":"1, 8, 18, 20, 25, 26, 91, 96"},"geometry":{"type":"LineString","coordinates":[[14.407072,50.097708],[14.406216,50.097608],[14.403425,50.097087],[14.402868,50.096955],[14.398046,50.09531],[14.396948,50.095041]]}},{"type":"Feature","properties":{"mode":"tram","n":6,"arr":["1","8","25","26","91","96"],"lines":"1, 8, 25, 26, 91, 96"},"geometry":{"type":"LineString","coordinates":[[14.409912,50.098006],[14.408698,50.097848],[14.407072,50.097708]]}},{"type":"Feature","properties":{"mode":"tram","n":6,"arr":["1","8","25","26","91","96"],"lines":"1, 8, 25, 26, 91, 96"},"geometry":{"type":"LineString","coordinates":[[14.410155,50.098009],[14.409968,50.098007],[14.409952,50.098007],[14.409943,50.098007],[14.40994,50.098008],[14.409942,50.09801],[14.409951,50.098012],[14.409967,50.098014],[14.421396,50.09974],[14.422456,50.099932],[14.424179,50.100027],[14.42491,50.100038],[14.425535,50.100014],[14.427213,50.099868],[14.431728,50.099174],[14.432954,50.098943]]}},{"type":"Feature","properties":{"mode":"tram","n":7,"arr":["1","8","12","25","26","91","96"],"lines":"1, 8, 12, 25, 26, 91, 96"},"geometry":{"type":"LineString","coordinates":[[14.433245,50.098856],[14.431521,50.099176],[14.427204,50.099839],[14.426565,50.099909],[14.425387,50.099994],[14.424088,50.099996],[14.42293,50.099939],[14.422325,50.099884],[14.421167,50.099672],[14.419622,50.099431],[14.410155,50.098009]]}},{"type":"Feature","properties":{"mode":"tram","n":5,"arr":["8","18","20","26","91"],"lines":"8, 18, 20, 26, 91"},"geometry":{"type":"LineString","coordinates":[[14.396948,50.095041],[14.396769,50.095084],[14.396614,50.095196],[14.396575,50.09529],[14.396136,50.095795],[14.396023,50.096017],[14.395502,50.100091]]}},{"type":"Feature","properties":{"mode":"tram","n":5,"arr":["8","18","20","26","91"],"lines":"8, 18, 20, 26, 91"},"geometry":{"type":"LineString","coordinates":[[14.395493,50.100164],[14.395476,50.100312],[14.395406,50.100458]]}},{"type":"Feature","properties":{"mode":"tram","n":5,"arr":["2","12","18","20","97"],"lines":"2, 12, 18, 20, 97"},"geometry":{"type":"LineString","coordinates":[[14.409284,50.09477],[14.408939,50.095341],[14.408914,50.095457],[14.40758,50.097549]]}},{"type":"Feature","properties":{"mode":"tram","n":7,"arr":["2","12","18","20","22","23","97"],"lines":"2, 12, 18, 20, 22, 23, 97"},"geometry":{"type":"LineString","coordinates":[[14.409859,50.09111],[14.409615,50.091732],[14.409193,50.092652],[14.409118,50.092736],[14.408992,50.092815],[14.408794,50.092883],[14.408539,50.092907],[14.406758,50.092787],[14.406492,50.092753],[14.406316,50.092793],[14.406249,50.092847],[14.406218,50.092918],[14.406264,50.093035],[14.406422,50.093107],[14.40844,50.093326],[14.408956,50.093412],[14.409222,50.093524],[14.409369,50.093648],[14.409442,50.093768],[14.409566,50.094293],[14.409492,50.094546],[14.409416,50.094656],[14.409284,50.09477]]}},{"type":"Feature","properties":{"mode":"tram","n":7,"arr":["2","12","18","20","22","23","97"],"lines":"2, 12, 18, 20, 22, 23, 97"},"geometry":{"type":"LineString","coordinates":[[14.410172,50.090268],[14.410222,50.090152]]}},{"type":"Feature","properties":{"mode":"tram","n":8,"arr":["2","12","15","18","20","22","23","97"],"lines":"2, 12, 15, 18, 20, 22, 23, 97"},"geometry":{"type":"LineString","coordinates":[[14.410172,50.090268],[14.409857,50.091025],[14.409859,50.09111]]}},{"type":"Feature","properties":{"mode":"tram","n":10,"arr":["2","9","17","18","22","23","93","97","98","99"],"lines":"2, 9, 17, 18, 22, 23, 93, 97, 98, 99"},"geometry":{"type":"LineString","coordinates":[[14.419574,50.07937],[14.419613,50.079614],[14.419793,50.080243],[14.419763,50.080746],[14.419617,50.081184],[14.419225,50.082134],[14.419168,50.08221],[14.419078,50.08226],[14.418949,50.082282],[14.418816,50.082267],[14.416392,50.081619],[14.415677,50.081484],[14.415005,50.081421],[14.413268,50.081388],[14.413124,50.081415]]}},{"type":"Feature","properties":{"mode":"tram","n":7,"arr":["2","17","18","22","93","97","99"],"lines":"2, 17, 18, 22, 93, 97, 99"},"geometry":{"type":"LineString","coordinates":[[14.419509,50.078438],[14.419574,50.07937]]}},{"type":"Feature","properties":{"mode":"tram","n":10,"arr":["2","3","18","22","24","92","93","94","97","99"],"lines":"2, 3, 18, 22, 24, 92, 93, 94, 97, 99"},"geometry":{"type":"LineString","coordinates":[[14.4195,50.078193],[14.419509,50.078438]]}},{"type":"Feature","properties":{"mode":"tram","n":6,"arr":["2","3","24","92","93","94"],"lines":"2, 3, 24, 92, 93, 94"},"geometry":{"type":"LineString","coordinates":[[14.419228,50.076131],[14.419519,50.07756],[14.4195,50.078193]]}},{"type":"Feature","properties":{"mode":"tram","n":9,"arr":["2","4","10","16","18","21","24","93","95"],"lines":"2, 4, 10, 16, 18, 21, 24, 93, 95"},"geometry":{"type":"LineString","coordinates":[[14.419183,50.075796],[14.419149,50.075627]]}},{"type":"Feature","properties":{"mode":"tram","n":7,"arr":["2","3","18","24","92","93","95"],"lines":"2, 3, 18, 24, 92, 93, 95"},"geometry":{"type":"LineString","coordinates":[[14.419284,50.076162],[14.419183,50.075796]]}},{"type":"Feature","properties":{"mode":"tram","n":10,"arr":["2","4","7","10","16","18","21","24","93","95"],"lines":"2, 4, 7, 10, 16, 18, 21, 24, 93, 95"},"geometry":{"type":"LineString","coordinates":[[14.419149,50.075627],[14.418797,50.073957]]}},{"type":"Feature","properties":{"mode":"tram","n":5,"arr":["2","18","24","93","95"],"lines":"2, 18, 24, 93, 95"},"geometry":{"type":"LineString","coordinates":[[14.418797,50.073957],[14.418737,50.07378],[14.418504,50.073372],[14.418232,50.072575],[14.418172,50.072362],[14.418203,50.072168],[14.419014,50.071045],[14.419377,50.07074],[14.419499,50.070594],[14.419953,50.069738],[14.421229,50.067667]]}},{"type":"Feature","properties":{"mode":"tram","n":5,"arr":["2","18","24","93","95"],"lines":"2, 18, 24, 93, 95"},"geometry":{"type":"LineString","coordinates":[[14.44,50.065399],[14.439654,50.065267],[14.439452,50.065238]]}},{"type":"Feature","properties":{"mode":"tram","n":6,"arr":["2","7","18","24","93","95"],"lines":"2, 7, 18, 24, 93, 95"},"geometry":{"type":"LineString","coordinates":[[14.439452,50.065238],[14.437882,50.064698],[14.437554,50.064656],[14.43534,50.064915],[14.434944,50.065026],[14.433907,50.065419],[14.433667,50.065451],[14.433372,50.065419],[14.433206,50.065356],[14.432846,50.065154],[14.432594,50.0651],[14.425013,50.06501],[14.424773,50.065022],[14.42451,50.065094],[14.423521,50.065591],[14.423184,50.065808],[14.422115,50.066589],[14.421829,50.066823],[14.421646,50.06702],[14.421229,50.067667]]}},{"type":"Feature","properties":{"mode":"tram","n":7,"arr":["2","11","18","24","93","95","96"],"lines":"2, 11, 18, 24, 93, 95, 96"},"geometry":{"type":"LineString","coordinates":[[14.440061,50.065418],[14.44,50.065399]]}},{"type":"Feature","properties":{"mode":"tram","n":8,"arr":["2","11","18","19","24","93","95","96"],"lines":"2, 11, 18, 19, 24, 93, 95, 96"},"geometry":{"type":"LineString","coordinates":[[14.440893,50.065701],[14.440061,50.065418]]}},{"type":"Feature","properties":{"mode":"tram","n":6,"arr":["2","11","18","24","93","96"],"lines":"2, 11, 18, 24, 93, 96"},"geometry":{"type":"LineString","coordinates":[[14.44132,50.064841],[14.441291,50.065596],[14.441241,50.065654],[14.44111,50.065712],[14.440893,50.065701]]}},{"type":"Feature","properties":{"mode":"tram","n":5,"arr":["2","11","18","19","24"],"lines":"2, 11, 18, 19, 24"},"geometry":{"type":"LineString","coordinates":[[14.440207,50.064803],[14.439897,50.065175]]}},{"type":"Feature","properties":{"mode":"tram","n":14,"arr":["2","3","6","18","22","24","26","91","92","93","95","96","97","99"],"lines":"2, 3, 6, 18, 22, 24, 26, 91, 92, 93, 95, 96, 97, 99"},"geometry":{"type":"LineString","coordinates":[[14.419548,50.078078],[14.419567,50.077559],[14.419284,50.076162]]}},{"type":"Feature","properties":{"mode":"tram","n":11,"arr":["2","3","6","18","24","26","91","92","93","95","96"],"lines":"2, 3, 6, 18, 24, 26, 91, 92, 93, 95, 96"},"geometry":{"type":"LineString","coordinates":[[14.419562,50.078548],[14.419548,50.078078]]}},{"type":"Feature","properties":{"mode":"tram","n":13,"arr":["2","3","5","6","18","24","26","91","92","93","94","95","96"],"lines":"2, 3, 5, 6, 18, 24, 26, 91, 92, 93, 94, 95, 96"},"geometry":{"type":"LineString","coordinates":[[14.419562,50.078548],[14.41959,50.078981]]}},{"type":"Feature","properties":{"mode":"tram","n":5,"arr":["3","7","17","21","92"],"lines":"3, 7, 17, 21, 92"},"geometry":{"type":"LineString","coordinates":[[14.41505,50.067692],[14.414869,50.068365],[14.414179,50.071912],[14.414049,50.072799]]}},{"type":"Feature","properties":{"mode":"tram","n":6,"arr":["3","4","10","16","21","92"],"lines":"3, 4, 10, 16, 21, 92"},"geometry":{"type":"LineString","coordinates":[[14.414019,50.0731],[14.414231,50.073183],[14.41437,50.073211],[14.415609,50.073295],[14.417589,50.073679],[14.418493,50.07373],[14.418658,50.073784],[14.418717,50.073837]]}},{"type":"Feature","properties":{"mode":"tram","n":5,"arr":["4","7","10","16","21"],"lines":"4, 7, 10, 16, 21"},"geometry":{"type":"LineString","coordinates":[[14.418717,50.073837],[14.418797,50.073957]]}},{"type":"Feature","properties":{"mode":"tram","n":5,"arr":["3","24","92","93","94"],"lines":"3, 24, 92, 93, 94"},"geometry":{"type":"LineString","coordinates":[[14.418749,50.073963],[14.419228,50.076131]]}},{"type":"Feature","properties":{"mode":"tram","n":10,"arr":["3","5","6","24","26","91","92","94","95","96"],"lines":"3, 5, 6, 24, 26, 91, 92, 94, 95, 96"},"geometry":{"type":"LineString","coordinates":[[14.41959,50.078981],[14.419667,50.079096],[14.419761,50.079138],[14.419893,50.079148]]}},{"type":"Feature","properties":{"mode":"tram","n":13,"arr":["3","5","6","9","23","24","26","91","92","94","95","96","98"],"lines":"3, 5, 6, 9, 23, 24, 26, 91, 92, 94, 95, 96, 98"},"geometry":{"type":"LineString","coordinates":[[14.419893,50.079148],[14.421692,50.079101],[14.421902,50.07912],[14.422139,50.079205],[14.422819,50.0796],[14.423117,50.079803],[14.423949,50.080508],[14.425046,50.081379],[14.426299,50.082525],[14.426889,50.082959],[14.428237,50.083829],[14.429324,50.084583],[14.430926,50.085421],[14.431479,50.085563],[14.431593,50.085615]]}},{"type":"Feature","properties":{"mode":"tram","n":10,"arr":["3","5","6","23","24","26","91","92","94","96"],"lines":"3, 5, 6, 23, 24, 26, 91, 92, 94, 96"},"geometry":{"type":"LineString","coordinates":[[14.431593,50.085615],[14.431765,50.085757],[14.431889,50.086022]]}},{"type":"Feature","properties":{"mode":"tram","n":11,"arr":["3","5","6","15","23","24","26","91","92","94","96"],"lines":"3, 5, 6, 15, 23, 24, 26, 91, 92, 94, 96"},"geometry":{"type":"LineString","coordinates":[[14.431889,50.086022],[14.432309,50.087111],[14.432544,50.087304],[14.432599,50.087404],[14.432458,50.089369]]}},{"type":"Feature","properties":{"mode":"tram","n":6,"arr":["3","5","23","24","92","94"],"lines":"3, 5, 23, 24, 92, 94"},"geometry":{"type":"LineString","coordinates":[[14.432458,50.089369],[14.432464,50.089506],[14.432516,50.089595],[14.432611,50.089661],[14.432729,50.0897],[14.433266,50.089797],[14.435132,50.09001],[14.436214,50.090362]]}},{"type":"Feature","properties":{"mode":"tram","n":5,"arr":["3","5","24","92","94"],"lines":"3, 5, 24, 92, 94"},"geometry":{"type":"LineString","coordinates":[[14.436214,50.090362],[14.436675,50.0905]]}},{"type":"Feature","properties":{"mode":"tram","n":5,"arr":["3","5","24","92","94"],"lines":"3, 5, 24, 92, 94"},"geometry":{"type":"LineString","coordinates":[[14.419509,50.078438],[14.419562,50.078548]]}},{"type":"Feature","properties":{"mode":"tram","n":6,"arr":["3","8","12","24","92","94"],"lines":"3, 8, 12, 24, 92, 94"},"geometry":{"type":"LineString","coordinates":[[14.437316,50.090682],[14.44092,50.091696],[14.458282,50.095551],[14.459284,50.095777],[14.459797,50.095915],[14.466038,50.098164],[14.466589,50.098367],[14.467636,50.098804],[14.468865,50.099255],[14.469977,50.099633],[14.471506,50.100316],[14.47198,50.100557],[14.472833,50.101069],[14.473464,50.101563]]}},{"type":"Feature","properties":{"mode":"tram","n":7,"arr":["3","8","12","24","92","94","95"],"lines":"3, 8, 12, 24, 92, 94, 95"},"geometry":{"type":"LineString","coordinates":[[14.473464,50.101563],[14.473505,50.101742],[14.4735,50.101888]]}},{"type":"Feature","properties":{"mode":"tram","n":5,"arr":["8","12","92","94","95"],"lines":"8, 12, 92, 94, 95"},"geometry":{"type":"LineString","coordinates":[[14.473464,50.101563],[14.473456,50.10151]]}},{"type":"Feature","properties":{"mode":"tram","n":8,"arr":["3","8","10","12","24","92","94","95"],"lines":"3, 8, 10, 12, 24, 92, 94, 95"},"geometry":{"type":"LineString","coordinates":[[14.4735,50.101888],[14.473306,50.10326],[14.473338,50.103391]]}},{"type":"Feature","properties":{"mode":"tram","n":6,"arr":["7","8","12","31","92","94"],"lines":"7, 8, 12, 31, 92, 94"},"geometry":{"type":"LineString","coordinates":[[14.473338,50.103391],[14.473621,50.10359],[14.473797,50.103624],[14.475993,50.10431],[14.478249,50.104952],[14.478449,50.104945],[14.478607,50.104871],[14.479459,50.103788],[14.479584,50.103709],[14.479717,50.103678],[14.479758,50.103674],[14.479977,50.103746],[14.481957,50.104442],[14.48217,50.104481]]}},{"type":"Feature","properties":{"mode":"tram","n":5,"arr":["7","8","10","31","94"],"lines":"7, 8, 10, 31, 94"},"geometry":{"type":"LineString","coordinates":[[14.47356,50.101769],[14.473338,50.103391]]}},{"type":"Feature","properties":{"mode":"tram","n":5,"arr":["3","10","24","93","95"],"lines":"3, 10, 24, 93, 95"},"geometry":{"type":"LineString","coordinates":[[14.455502,50.121933],[14.456038,50.122703],[14.456104,50.12287],[14.456082,50.123262],[14.456047,50.123408],[14.455908,50.123687],[14.455884,50.123816],[14.455949,50.124152],[14.456065,50.124343],[14.456664,50.124986]]}},{"type":"Feature","properties":{"mode":"tram","n":6,"arr":["4","5","7","10","16","94"],"lines":"4, 5, 7, 10, 16, 94"},"geometry":{"type":"LineString","coordinates":[[14.404077,50.072024],[14.404234,50.072075],[14.40444,50.072103],[14.413621,50.072978]]}},{"type":"Feature","properties":{"mode":"tram","n":5,"arr":["4","5","10","16","94"],"lines":"4, 5, 10, 16, 94"},"geometry":{"type":"LineString","coordinates":[[14.413621,50.072978],[14.413851,50.073034]]}},{"type":"Feature","properties":{"mode":"tram","n":12,"arr":["4","6","10","16","18","21","22","26","91","96","97","99"],"lines":"4, 6, 10, 16, 18, 21, 22, 26, 91, 96, 97, 99"},"geometry":{"type":"LineString","coordinates":[[14.432218,50.075405],[14.432103,50.075409]]}},{"type":"Feature","properties":{"mode":"tram","n":12,"arr":["4","6","10","16","18","21","22","26","91","96","97","99"],"lines":"4, 6, 10, 16, 18, 21, 22, 26, 91, 96, 97, 99"},"geometry":{"type":"LineString","coordinates":[[14.43187,50.075448],[14.430371,50.075529],[14.428682,50.075544],[14.422036,50.075675],[14.421008,50.075726],[14.419587,50.075877]]}},{"type":"Feature","properties":{"mode":"tram","n":9,"arr":["4","10","16","21","22","26","91","97","99"],"lines":"4, 10, 16, 21, 22, 26, 91, 97, 99"},"geometry":{"type":"LineString","coordinates":[[14.432472,50.075402],[14.432218,50.075405]]}},{"type":"Feature","properties":{"mode":"tram","n":5,"arr":["4","21","22","97","99"],"lines":"4, 21, 22, 97, 99"},"geometry":{"type":"LineString","coordinates":[[14.458548,50.068148],[14.456116,50.06897],[14.455637,50.06902],[14.454205,50.069103],[14.453628,50.069163],[14.451747,50.069561],[14.451613,50.069643],[14.451528,50.069799],[14.451672,50.070554],[14.451628,50.070869],[14.450925,50.071834],[14.450823,50.071918],[14.450734,50.071953],[14.45045,50.071983],[14.448106,50.0719],[14.446583,50.071962],[14.443772,50.072295],[14.443487,50.07237],[14.441408,50.073149],[14.437387,50.07486],[14.437225,50.074911],[14.437025,50.074939],[14.435975,50.07495],[14.435783,50.074971],[14.435599,50.075088],[14.435382,50.075329],[14.435201,50.075388],[14.432472,50.075402]]}},{"type":"Feature","properties":{"mode":"tram","n":5,"arr":["4","10","16","26","91"],"lines":"4, 10, 16, 26, 91"},"geometry":{"type":"LineString","coordinates":[[14.432401,50.075433],[14.432255,50.075435]]}},{"type":"Feature","properties":{"mode":"tram","n":5,"arr":["4","10","16","26","91"],"lines":"4, 10, 16, 26, 91"},"geometry":{"type":"LineString","coordinates":[[14.432203,50.075436],[14.43187,50.075448]]}},{"type":"Feature","properties":{"mode":"tram","n":7,"arr":["4","10","11","13","16","26","91"],"lines":"4, 10, 11, 13, 16, 26, 91"},"geometry":{"type":"LineString","coordinates":[[14.432255,50.075435],[14.432203,50.075436]]}},{"type":"Feature","properties":{"mode":"tram","n":7,"arr":["4","7","9","10","16","98","99"],"lines":"4, 7, 9, 10, 16, 98, 99"},"geometry":{"type":"LineString","coordinates":[[14.403931,50.072021],[14.403855,50.071987],[14.403707,50.071992],[14.402052,50.071866],[14.40129,50.071854],[14.401103,50.071828]]}},{"type":"Feature","properties":{"mode":"tram","n":5,"arr":["5","12","15","21","94"],"lines":"5, 12, 15, 21, 94"},"geometry":{"type":"LineString","coordinates":[[14.409518,50.050148],[14.409342,50.049947],[14.408803,50.049539],[14.408663,50.049345],[14.408601,50.049123],[14.408624,50.048718],[14.408603,50.048487],[14.408132,50.046779],[14.407272,50.044994],[14.406632,50.043916],[14.406427,50.043687],[14.406245,50.043546],[14.405127,50.042955],[14.404941,50.042796],[14.404086,50.041432],[14.403166,50.03976],[14.402735,50.039152],[14.402384,50.038766],[14.401797,50.03824],[14.401341,50.037902],[14.40089,50.037613],[14.400116,50.037212],[14.399118,50.036805],[14.398536,50.03661],[14.397347,50.036294],[14.396473,50.036123],[14.395821,50.036026],[14.395244,50.03596],[14.394373,50.035904],[14.393104,50.035898],[14.391854,50.035982],[14.390882,50.036106],[14.387959,50.03657],[14.387531,50.036622],[14.386886,50.036645],[14.386141,50.036595],[14.385394,50.036453],[14.384976,50.03633],[14.384554,50.036166],[14.383977,50.035859],[14.382361,50.034749],[14.382092,50.034595],[14.381818,50.034462],[14.381632,50.034403],[14.381169,50.034331],[14.38092,50.034327],[14.380364,50.034392],[14.377141,50.03519],[14.37676,50.035223],[14.376387,50.035185],[14.376064,50.035085],[14.375626,50.034856],[14.373286,50.033327],[14.372756,50.033023],[14.372146,50.032733],[14.371382,50.032432],[14.369229,50.03165],[14.368791,50.031553],[14.36778,50.031432]]}},{"type":"Feature","properties":{"mode":"tram","n":5,"arr":["5","12","15","20","94"],"lines":"5, 12, 15, 20, 94"},"geometry":{"type":"LineString","coordinates":[[14.409513,50.050324],[14.409249,50.050953],[14.40888,50.053799],[14.408917,50.054613],[14.409052,50.055851],[14.409237,50.056766],[14.409477,50.057648],[14.409682,50.058638],[14.409713,50.058946],[14.409684,50.05929],[14.409516,50.059961],[14.409465,50.060415],[14.409323,50.060831],[14.409234,50.061477],[14.409266,50.062024],[14.409176,50.062915],[14.408576,50.064129],[14.407879,50.065809],[14.407147,50.067317],[14.406456,50.068432],[14.405546,50.069673],[14.405035,50.070478],[14.404726,50.070826],[14.404167,50.071761]]}},{"type":"Feature","properties":{"mode":"tram","n":5,"arr":["5","12","15","20","94"],"lines":"5, 12, 15, 20, 94"},"geometry":{"type":"LineString","coordinates":[[14.40408,50.072],[14.404077,50.072024]]}},{"type":"Feature","properties":{"mode":"tram","n":6,"arr":["5","6","15","26","91","96"],"lines":"5, 6, 15, 26, 91, 96"},"geometry":{"type":"LineString","coordinates":[[14.43241,50.089492],[14.432458,50.089369]]}},{"type":"Feature","properties":{"mode":"tram","n":5,"arr":["6","15","26","91","96"],"lines":"6, 15, 26, 91, 96"},"geometry":{"type":"LineString","coordinates":[[14.432037,50.089555],[14.432202,50.089577],[14.432342,50.089541],[14.43241,50.089492]]}},{"type":"Feature","properties":{"mode":"tram","n":5,"arr":["6","8","26","91","96"],"lines":"6, 8, 26, 91, 96"},"geometry":{"type":"LineString","coordinates":[[14.426774,50.095236],[14.426786,50.095327],[14.426835,50.095388],[14.427058,50.095471],[14.428998,50.09583],[14.429962,50.095938],[14.430454,50.096029],[14.431873,50.096407],[14.432436,50.096595],[14.432573,50.096685],[14.432691,50.096808],[14.433175,50.097581],[14.433253,50.097753],[14.43329,50.098592],[14.433268,50.098753]]}},{"type":"Feature","properties":{"mode":"tram","n":6,"arr":["6","8","15","26","91","96"],"lines":"6, 8, 15, 26, 91, 96"},"geometry":{"type":"LineString","coordinates":[[14.426774,50.095236],[14.428061,50.089764],[14.42836,50.089052],[14.428484,50.088544],[14.428544,50.088453],[14.428636,50.088392],[14.428764,50.088357],[14.428987,50.088374],[14.43048,50.08907],[14.431119,50.089304],[14.432037,50.089555]]}},{"type":"Feature","properties":{"mode":"tram","n":8,"arr":["6","18","22","26","91","96","97","99"],"lines":"6, 18, 22, 26, 91, 96, 97, 99"},"geometry":{"type":"LineString","coordinates":[[14.419587,50.075877],[14.419444,50.075909],[14.419347,50.075965],[14.419291,50.076041],[14.419284,50.076162]]}},{"type":"Feature","properties":{"mode":"tram","n":9,"arr":["6","18","21","22","26","91","96","97","99"],"lines":"6, 18, 21, 22, 26, 91, 96, 97, 99"},"geometry":{"type":"LineString","coordinates":[[14.432103,50.075409],[14.43187,50.075448]]}},{"type":"Feature","properties":{"mode":"tram","n":5,"arr":["6","11","13","18","96"],"lines":"6, 11, 13, 18, 96"},"geometry":{"type":"LineString","coordinates":[[14.432218,50.075405],[14.432266,50.075304]]}},{"type":"Feature","properties":{"mode":"tram","n":5,"arr":["6","7","11","18","96"],"lines":"6, 7, 11, 18, 96"},"geometry":{"type":"LineString","coordinates":[[14.43236,50.075107],[14.433576,50.072181],[14.433011,50.070144],[14.432859,50.069932],[14.432421,50.069554],[14.432344,50.069428],[14.432363,50.069247],[14.432807,50.068431],[14.433047,50.068243],[14.433245,50.068177],[14.433485,50.068144],[14.436031,50.068307],[14.436264,50.068289],[14.436491,50.068227],[14.436649,50.068145],[14.438215,50.067086],[14.438428,50.066895],[14.439703,50.065408],[14.439847,50.06538]]}},{"type":"Feature","properties":{"mode":"tram","n":5,"arr":["11","18","24","93","96"],"lines":"11, 18, 24, 93, 96"},"geometry":{"type":"LineString","coordinates":[[14.439847,50.06538],[14.44,50.065399]]}},{"type":"Feature","properties":{"mode":"tram","n":5,"arr":["11","18","24","93","96"],"lines":"11, 18, 24, 93, 96"},"geometry":{"type":"LineString","coordinates":[[14.441386,50.064093],[14.441339,50.0642],[14.44132,50.064841]]}},{"type":"Feature","properties":{"mode":"tram","n":8,"arr":["6","7","19","21","22","95","97","99"],"lines":"6, 7, 19, 21, 22, 95, 97, 99"},"geometry":{"type":"LineString","coordinates":[[14.477095,50.070758],[14.476538,50.070698],[14.468686,50.069101],[14.46075,50.067389]]}},{"type":"Feature","properties":{"mode":"tram","n":6,"arr":["8","17","26","91","93","96"],"lines":"8, 17, 26, 91, 93, 96"},"geometry":{"type":"LineString","coordinates":[[14.433268,50.098753],[14.433245,50.098856]]}},{"type":"Feature","properties":{"mode":"tram","n":6,"arr":["7","9","10","16","98","99"],"lines":"7, 9, 10, 16, 98, 99"},"geometry":{"type":"LineString","coordinates":[[14.401103,50.071828],[14.400745,50.071828],[14.399694,50.071758],[14.399427,50.07176],[14.398427,50.071906],[14.397475,50.072186],[14.397188,50.072238],[14.395756,50.072336],[14.394866,50.072336],[14.394054,50.072308],[14.392591,50.072208],[14.391471,50.072102],[14.388441,50.071711],[14.383702,50.071138],[14.380029,50.070634],[14.377906,50.070388],[14.377568,50.070396],[14.37642,50.070487],[14.375696,50.070465],[14.375237,50.070396],[14.37392,50.070067],[14.373516,50.069991],[14.373245,50.069983],[14.371576,50.070051],[14.369772,50.070032],[14.368478,50.069953],[14.364168,50.069617],[14.361924,50.069554]]}},{"type":"Feature","properties":{"mode":"tram","n":6,"arr":["7","9","10","16","98","99"],"lines":"7, 9, 10, 16, 98, 99"},"geometry":{"type":"LineString","coordinates":[[14.40129,50.071854],[14.400788,50.071861],[14.399698,50.071788],[14.399437,50.071788],[14.398437,50.071929],[14.397535,50.072203],[14.397196,50.072269],[14.395757,50.07237],[14.394048,50.072331],[14.392503,50.072232],[14.391419,50.072128],[14.384381,50.071234],[14.383682,50.071164],[14.378052,50.070436],[14.377575,50.070433],[14.376478,50.070523],[14.375915,50.070522],[14.375529,50.070486],[14.375141,50.07042],[14.373748,50.070069],[14.373402,50.070026],[14.371562,50.07008],[14.369607,50.070057],[14.365033,50.069696]]}},{"type":"Feature","properties":{"mode":"tram","n":6,"arr":["7","19","22","95","97","99"],"lines":"7, 19, 22, 95, 97, 99"},"geometry":{"type":"LineString","coordinates":[[14.486953,50.071692],[14.486625,50.071628],[14.485457,50.071325],[14.484961,50.071246],[14.477095,50.070758]]}},{"type":"Feature","properties":{"mode":"tram","n":5,"arr":["7","19","26","91","95"],"lines":"7, 19, 26, 91, 95"},"geometry":{"type":"LineString","coordinates":[[14.489226,50.076568],[14.48932,50.076247],[14.489535,50.07579],[14.491098,50.073297],[14.491095,50.073167],[14.490342,50.072372],[14.49013,50.072252],[14.489889,50.072196],[14.48794,50.071906],[14.487578,50.071841],[14.487394,50.071773]]}},{"type":"Feature","properties":{"mode":"tram","n":6,"arr":["7","9","10","11","95","98"],"lines":"7, 9, 10, 11, 95, 98"},"geometry":{"type":"LineString","coordinates":[[14.472917,50.078737],[14.469812,50.086605],[14.468029,50.090067],[14.468011,50.090211]]}},{"type":"Feature","properties":{"mode":"tram","n":5,"arr":["9","10","11","95","98"],"lines":"9, 10, 11, 95, 98"},"geometry":{"type":"LineString","coordinates":[[14.468011,50.090211],[14.469853,50.086611],[14.47297,50.078726],[14.472992,50.07863],[14.472965,50.078546],[14.472824,50.078443]]}},{"type":"Feature","properties":{"mode":"tram","n":6,"arr":["7","8","10","31","94","95"],"lines":"7, 8, 10, 31, 94, 95"},"geometry":{"type":"LineString","coordinates":[[14.473543,50.101684],[14.47356,50.101769]]}},{"type":"Feature","properties":{"mode":"tram","n":5,"arr":["9","10","16","98","99"],"lines":"9, 10, 16, 98, 99"},"geometry":{"type":"LineString","coordinates":[[14.361924,50.069554],[14.360125,50.069502],[14.359025,50.069408],[14.358167,50.069279],[14.353228,50.068374],[14.35222,50.06825],[14.332013,50.06754],[14.331358,50.067484],[14.330958,50.067424],[14.330494,50.067324],[14.329014,50.066881],[14.328564,50.066805],[14.327823,50.066722],[14.327316,50.066613],[14.326847,50.066441],[14.32519,50.065636],[14.324676,50.065455],[14.324149,50.065314],[14.323549,50.06521],[14.322969,50.065159],[14.320852,50.065152],[14.32018,50.065123],[14.319273,50.065013],[14.318456,50.06484],[14.317596,50.064576],[14.316881,50.064282],[14.314791,50.063231],[14.314039,50.062978],[14.313792,50.062931],[14.313483,50.062938],[14.313154,50.063029],[14.311224,50.064096],[14.310758,50.0643],[14.310382,50.064403],[14.309946,50.064468],[14.308343,50.064512],[14.30799,50.064572],[14.307804,50.06463],[14.307562,50.064746],[14.306273,50.065485],[14.305987,50.065598],[14.305729,50.065658],[14.305454,50.065687],[14.30085,50.065772],[14.300396,50.065692],[14.299398,50.065318],[14.298907,50.065214]]}},{"type":"Feature","properties":{"mode":"tram","n":5,"arr":["9","10","16","98","99"],"lines":"9, 10, 16, 98, 99"},"geometry":{"type":"LineString","coordinates":[[14.365033,50.069696],[14.363797,50.069637],[14.360115,50.069526],[14.359014,50.069431],[14.358355,50.069335],[14.353046,50.068372],[14.352218,50.068275],[14.333432,50.067619],[14.3319,50.067562],[14.331353,50.067512],[14.330956,50.067451],[14.33043,50.067335],[14.329029,50.066911],[14.328579,50.066833],[14.327711,50.066734],[14.327268,50.066629],[14.326743,50.066429],[14.325167,50.065659],[14.324497,50.06543],[14.323928,50.065298],[14.323351,50.065215],[14.322964,50.065186],[14.32085,50.06518],[14.320169,50.065148],[14.319263,50.065038],[14.318437,50.064865],[14.317783,50.064673],[14.317103,50.064411],[14.314753,50.06325],[14.314025,50.063007],[14.313759,50.062958],[14.313477,50.062967],[14.313175,50.063055],[14.311246,50.064121],[14.310778,50.064327],[14.3104,50.064432],[14.309946,50.064497],[14.30847,50.064532],[14.307988,50.064604],[14.307716,50.064701],[14.306299,50.065508],[14.306019,50.06562],[14.305738,50.065686],[14.305455,50.065716],[14.300844,50.0658],[14.30036,50.065716],[14.299388,50.065344],[14.299084,50.065274],[14.298896,50.065265],[14.298736,50.065283],[14.2981,50.06544]]}},{"type":"Feature","properties":{"mode":"tram","n":6,"arr":["9","12","15","20","98","99"],"lines":"9, 12, 15, 20, 98, 99"},"geometry":{"type":"LineString","coordinates":[[14.40456,50.080941],[14.404803,50.079573],[14.404729,50.079373],[14.404256,50.078861],[14.404151,50.078635],[14.404216,50.077676],[14.40419,50.076788],[14.404118,50.076191],[14.403841,50.074848],[14.403793,50.074416],[14.403879,50.072819],[14.404035,50.072219]]}},{"type":"Feature","properties":{"mode":"tram","n":6,"arr":["9","12","15","20","98","99"],"lines":"9, 12, 15, 20, 98, 99"},"geometry":{"type":"LineString","coordinates":[[14.403976,50.072212],[14.403815,50.072875],[14.403752,50.07449],[14.403802,50.074881],[14.404077,50.076274],[14.404143,50.07679],[14.404175,50.077679],[14.404105,50.078657],[14.404216,50.078895],[14.404672,50.079417],[14.404738,50.079612],[14.404504,50.080963]]}},{"type":"Feature","properties":{"mode":"tram","n":5,"arr":["9","18","23","93","98"],"lines":"9, 18, 23, 93, 98"},"geometry":{"type":"LineString","coordinates":[[14.419574,50.07937],[14.419617,50.079238]]}},{"type":"Feature","properties":{"mode":"tram","n":6,"arr":["9","11","13","15","95","98"],"lines":"9, 11, 13, 15, 95, 98"},"geometry":{"type":"LineString","coordinates":[[14.461356,50.077886],[14.463427,50.077962],[14.466451,50.07812]]}},{"type":"Feature","properties":{"mode":"tram","n":5,"arr":["10","11","16","26","91"],"lines":"10, 11, 16, 26, 91"},"geometry":{"type":"LineString","coordinates":[[14.467561,50.078148],[14.465757,50.078055]]}},{"type":"Feature","properties":{"mode":"tram","n":8,"arr":["9","10","11","16","26","91","95","98"],"lines":"9, 10, 11, 16, 26, 91, 95, 98"},"geometry":{"type":"LineString","coordinates":[[14.472824,50.078443],[14.47261,50.078401],[14.467561,50.078148]]}},{"type":"Feature","properties":{"mode":"tram","n":9,"arr":["9","17","18","22","23","93","97","98","99"],"lines":"9, 17, 18, 22, 23, 93, 97, 98, 99"},"geometry":{"type":"LineString","coordinates":[[14.404815,50.081191],[14.413124,50.081415]]}},{"type":"Feature","properties":{"mode":"tram","n":7,"arr":["10","11","13","15","16","26","91"],"lines":"10, 11, 13, 15, 16, 26, 91"},"geometry":{"type":"LineString","coordinates":[[14.465757,50.078055],[14.463433,50.077933],[14.462505,50.077913],[14.46127,50.07785]]}},{"type":"Feature","properties":{"mode":"tram","n":6,"arr":["10","11","13","16","26","91"],"lines":"10, 11, 13, 16, 26, 91"},"geometry":{"type":"LineString","coordinates":[[14.46127,50.07785],[14.461041,50.077835]]}},{"type":"Feature","properties":{"mode":"tram","n":5,"arr":["11","18","19","24","93"],"lines":"11, 18, 19, 24, 93"},"geometry":{"type":"LineString","coordinates":[[14.442844,50.063359],[14.441528,50.063987],[14.441386,50.064093]]}},{"type":"Feature","properties":{"mode":"tram","n":9,"arr":["12","15","17","18","20","22","23","93","97"],"lines":"12, 15, 17, 18, 20, 22, 23, 93, 97"},"geometry":{"type":"LineString","coordinates":[[14.409891,50.090005],[14.408332,50.090052],[14.408122,50.090047],[14.408011,50.090023],[14.407789,50.089886],[14.407319,50.089481],[14.407043,50.089129],[14.406652,50.088757],[14.406274,50.088633],[14.404884,50.088513],[14.404633,50.088457],[14.404535,50.088404],[14.404461,50.088315],[14.404405,50.087936],[14.404369,50.087868],[14.404267,50.087788],[14.403935,50.087663],[14.403854,50.087584],[14.403751,50.087323],[14.403733,50.087145],[14.404022,50.086475],[14.404267,50.085684],[14.404474,50.083376],[14.404513,50.081385]]}},{"type":"Feature","properties":{"mode":"tram","n":7,"arr":["12","15","18","20","22","23","97"],"lines":"12, 15, 18, 20, 22, 23, 97"},"geometry":{"type":"LineString","coordinates":[[14.410222,50.090152],[14.410101,50.090041],[14.409891,50.090005]]}},{"type":"Feature","properties":{"mode":"tram","n":6,"arr":["17","18","22","23","93","97"],"lines":"17, 18, 22, 23, 93, 97"},"geometry":{"type":"LineString","coordinates":[[14.404513,50.081385],[14.404543,50.081304],[14.404611,50.081244],[14.404815,50.081191]]}},{"type":"Feature","properties":{"mode":"tram","n":5,"arr":["22","26","91","97","99"],"lines":"22, 26, 91, 97, 99"},"geometry":{"type":"LineString","coordinates":[[14.492853,50.068283],[14.492238,50.068632],[14.490141,50.069563],[14.489802,50.069743],[14.48856,50.070578],[14.487454,50.071417]]}}]}